Id,PostId,IsAnonymous,VoteTypeId,CreationDate,id
"15342727","22987482","True","2","2015-01-28 12:42:00","22987482"
"55991577","25595492","True","2","2020-01-27 13:38:12","25595492"
"49493035","26616962","True","3","2019-04-18 20:31:03","26616962"
"18551572","26975640","True","2","2015-07-12 19:03:00","26975640"
"20147710","27007353","True","2","2015-10-03 22:21:18","27007353"
"16211009","27007353","True","2","2015-03-12 17:34:57","27007353"
"15436868","27007353","True","2","2015-02-02 14:03:32","27007353"
"29732862","27007353","True","2","2016-12-22 00:42:07","27007353"
"51667090","28319278","True","3","2019-07-26 10:57:28","28319278"
"41810840","28339882","True","2","2018-05-29 02:27:28","28339882"
"43146078","29117570","True","2","2018-07-24 14:54:26","29117570"
"28201597","29117570","True","3","2016-10-17 15:41:33","29117570"
"39679177","29644916","True","3","2018-03-06 17:04:09","29644916"
"61530956","29761872","True","2","2020-09-25 22:41:17","29761872"
"25265148","29825744","True","3","2016-05-31 19:29:53","29825744"
"26329465","30213456","True","2","2016-07-22 17:28:01","30213456"
"43498957","30213456","True","2","2018-08-08 12:57:12","30213456"
"36578227","30213456","True","3","2017-10-20 14:49:13","30213456"
"20721509","30267737","True","2","2015-10-30 09:47:36","30267737"
"54047012","30296587","True","2","2019-11-07 13:40:50","30296587"
"17728703","30422184","True","2","2015-05-29 02:57:30","30422184"
"55404230","31044380","True","2","2020-01-03 10:38:01","31044380"
"57088031","31313170","True","2","2020-03-11 09:53:33","31313170"
"27041668","31842622","True","2","2016-08-26 03:51:11","31842622"
"58956333","32364506","True","3","2020-05-27 23:49:09","32364506"
"39498013","32364506","True","2","2018-02-27 15:56:59","32364506"
"19991715","32715464","True","2","2015-09-25 17:42:08","32715464"
"28009145","33041733","True","2","2016-10-09 06:48:00","33041733"
"24439459","34344850","True","2","2016-04-22 07:38:53","34344850"
"46155119","34442192","True","3","2018-12-05 14:45:01","34442192"
"22275071","34498033","True","2","2016-01-15 09:40:58","34498033"
"40343013","34499843","True","3","2018-03-30 17:06:20","34499843"
"32785431","34909182","True","2","2017-05-02 20:36:26","34909182"
"26333141","35172625","True","3","2016-07-22 22:42:13","35172625"
"54791787","35251874","True","3","2019-12-07 07:08:05","35251874"
"43704775","35673254","True","2","2018-08-18 04:25:10","35673254"
"50142083","35756663","True","3","2019-05-17 18:34:40","35756663"
"26682131","36083504","True","2","2016-08-09 08:11:57","36083504"
"34373464","36407520","True","2","2017-07-13 08:35:04","36407520"
"26669205","36423188","True","2","2016-08-08 16:52:52","36423188"
"40763000","36423188","True","3","2018-04-16 14:05:09","36423188"
"29187218","36423188","True","2","2016-11-28 18:11:44","36423188"
"39500027","36642718","True","2","2018-02-27 17:11:42","36642718"
"39409622","36701111","True","2","2018-02-23 16:30:41","36701111"
"24430472","36775802","True","2","2016-04-21 19:47:58","36775802"
"29655037","36957369","True","2","2016-12-18 19:41:19","36957369"
"28900794","37142921","True","2","2016-11-16 11:07:48","37142921"
"26167251","37142921","True","2","2016-07-15 02:58:02","37142921"
"36765439","37148836","True","2","2017-10-29 09:55:49","37148836"
"59456626","37159662","True","3","2020-06-17 09:38:52","37159662"
"24941126","37254914","True","2","2016-05-16 13:43:26","37254914"
"26854856","37409153","True","2","2016-08-17 13:41:26","37409153"
"25814328","37662379","True","2","2016-06-27 23:14:04","37662379"
"41800145","37711051","True","2","2018-05-28 13:36:39","37711051"
"33995496","37749087","True","2","2017-06-26 13:23:42","37749087"
"43133253","37915326","True","2","2018-07-24 07:43:08","37915326"
"59281163","38071714","True","2","2020-06-10 05:17:09","38071714"
"28454053","38071714","True","2","2016-10-27 12:15:14","38071714"
"26490482","38186942","True","2","2016-07-30 18:06:38","38186942"
"25970331","38186942","True","2","2016-07-05 16:48:11","38186942"
"39260108","38230495","True","2","2018-02-18 08:12:17","38230495"
"31663276","38711908","True","2","2017-03-16 10:57:18","38711908"
"52650240","39134238","True","2","2019-09-10 16:08:06","39134238"
"33336493","39215533","True","2","2017-05-26 07:33:11","39215533"
"51679467","39540366","True","2","2019-07-27 00:07:36","39540366"
"45292099","40222469","True","3","2018-10-30 01:38:08","40222469"
"35445147","40660163","True","2","2017-08-30 14:09:35","40660163"
"39643863","40660163","True","3","2018-03-05 14:55:55","40660163"
"29206732","40856925","True","2","2016-11-29 12:04:33","40856925"
"47382619","41161769","True","2","2019-01-28 17:50:36","41161769"
"39871794","41400158","True","2","2018-03-13 18:16:52","41400158"
"35445016","41400158","True","2","2017-08-30 14:04:53","41400158"
"32562819","41731704","True","2","2017-04-22 22:27:29","41731704"
"55351729","42062199","True","2","2019-12-31 15:32:09","42062199"
"31131648","42395345","True","2","2017-02-22 16:21:01","42395345"
"46806583","42549749","True","2","2019-01-06 05:30:54","42549749"
"50943112","42651456","True","2","2019-06-24 14:47:40","42651456"
"41473351","43426699","True","2","2018-05-15 07:31:25","43426699"
"34752630","43609390","True","2","2017-07-29 14:41:06","43609390"
"35286881","43700824","True","2","2017-08-23 07:45:35","43700824"
"55453187","43950808","True","2","2020-01-06 06:27:24","43950808"
"57746429","44165422","True","2","2020-04-09 10:00:11","44165422"
"40857058","44394119","True","2","2018-04-19 13:48:50","44394119"
"52644402","44785897","True","3","2019-09-10 12:16:47","44785897"
"51128375","44870461","True","2","2019-07-02 21:57:32","44870461"
"45485439","45150009","True","2","2018-11-07 13:21:27","45150009"
"59105823","45208766","True","3","2020-06-03 06:42:34","45208766"
"44673323","45225151","True","2","2018-10-03 10:39:08","45225151"
"59996792","45400096","True","2","2020-07-14 05:52:43","45400096"
"57739021","45559979","True","2","2020-04-09 03:12:37","45559979"
"42943592","45592666","True","2","2018-07-16 11:17:13","45592666"
"49300424","45616764","True","2","2019-04-10 18:14:25","45616764"
"38885415","45625886","True","3","2018-02-02 12:12:02","45625886"
"38603055","45869766","True","2","2018-01-22 12:48:49","45869766"
"59100034","45869766","True","3","2020-06-02 23:50:53","45869766"
"35646214","46002727","True","2","2017-09-08 14:15:25","46002727"
"42574365","46575898","True","2","2018-06-29 16:39:10","46575898"
"39022931","46886957","True","2","2018-02-08 06:38:43","46886957"
"59811900","47050984","True","3","2020-07-04 14:51:19","47050984"
"53683330","47255576","True","2","2019-10-23 11:54:34","47255576"
"45483607","47552197","True","3","2018-11-07 11:54:46","47552197"
"40672241","47782247","True","2","2018-04-12 12:52:47","47782247"
"39871404","47793065","True","2","2018-03-13 17:59:22","47793065"
"47089885","47793065","True","3","2019-01-17 05:47:33","47793065"
"37970633","47837207","True","2","2017-12-20 08:06:16","47837207"
"38980299","48525262","True","2","2018-02-06 18:37:33","48525262"
"49608812","48873507","True","2","2019-04-24 13:00:31","48873507"
"59096105","48882829","True","3","2020-06-02 19:16:21","48882829"
"39766197","48921774","True","2","2018-03-09 11:47:19","48921774"
"39644411","48961000","True","2","2018-03-05 15:15:19","48961000"
"55805362","48961000","True","2","2020-01-20 01:22:49","48961000"
"52253374","48961000","True","2","2019-08-22 23:36:09","48961000"
"40191647","49469599","True","2","2018-03-25 11:55:57","49469599"
"45049181","49475984","True","2","2018-10-19 06:53:03","49475984"
"41484375","49757754","True","2","2018-05-15 13:32:17","49757754"
"42169900","49843956","True","2","2018-06-12 17:29:34","49843956"
"40855425","49921667","True","2","2018-04-19 12:58:39","49921667"
"46496682","50010287","True","3","2018-12-20 05:51:58","50010287"
"56524530","50435154","True","2","2020-02-17 18:06:23","50435154"
"42349537","50944450","True","2","2018-06-20 12:06:10","50944450"
"61960965","51143213","True","2","2020-10-14 11:15:01","51143213"
"49600938","51473064","True","3","2019-04-24 08:24:44","51473064"
"47570996","51644428","True","2","2019-02-05 02:44:05","51644428"
"49113445","51932616","True","2","2019-04-03 11:05:03","51932616"
"56088777","52146306","True","2","2020-01-30 19:05:18","52146306"
"55069360","52242886","True","3","2019-12-17 16:16:56","52242886"
"47775861","52245606","True","3","2019-02-12 16:35:44","52245606"
"60696735","52264536","True","2","2020-08-18 10:56:23","52264536"
"45285550","52298830","True","3","2018-10-29 17:47:08","52298830"
"44680771","52627034","True","2","2018-10-03 15:23:25","52627034"
"44681201","52627034","True","2","2018-10-03 15:40:26","52627034"
"57757636","52632129","True","2","2020-04-09 18:10:00","52632129"
"45042731","52833643","True","2","2018-10-18 21:38:39","52833643"
"55353256","52849139","True","2","2019-12-31 17:32:23","52849139"
"61984066","52854550","True","2","2020-10-15 07:27:45","52854550"
"60185858","53446080","True","2","2020-07-23 02:42:40","53446080"
"46599204","53845396","True","2","2018-12-26 06:17:58","53845396"
"47277454","54341435","True","3","2019-01-24 07:40:30","54341435"
"56092184","54452065","True","2","2020-01-30 22:29:53","54452065"
"47776722","54560829","True","2","2019-02-12 17:07:26","54560829"
"51298541","54712714","True","2","2019-07-10 14:00:59","54712714"
"48029321","54808651","True","2","2019-02-21 14:00:51","54808651"
"60196008","54860973","True","2","2020-07-23 11:48:44","54860973"
"54476482","55394912","True","2","2019-11-25 05:38:46","55394912"
"51487181","55530628","True","2","2019-07-18 14:37:17","55530628"
"53807432","25595492","True","2","2019-10-29 05:44:14","25595492"
"39720998","27054162","True","3","2018-03-08 01:13:44","27054162"
"57694232","27054162","True","3","2020-04-07 10:23:41","27054162"
"50106476","27054162","True","2","2019-05-16 11:46:49","27054162"
"15011956","27857790","True","2","2015-01-10 09:02:05","27857790"
"39554079","28635179","True","2","2018-03-01 13:30:28","28635179"
"27689922","29117570","True","2","2016-09-25 05:45:49","29117570"
"26710011","29644916","True","2","2016-08-10 09:08:20","29644916"
"46680707","29644916","True","2","2018-12-30 15:49:00","29644916"
"16901567","29644916","True","2","2015-04-16 02:22:53","29644916"
"44335917","29761872","True","2","2018-09-18 09:03:06","29761872"
"60245369","29761872","True","2","2020-07-26 04:43:53","29761872"
"17217970","29960156","True","2","2015-05-01 14:33:13","29960156"
"40834060","30027545","True","2","2018-04-18 19:36:58","30027545"
"33762291","30213456","True","2","2017-06-15 02:59:33","30213456"
"34597589","30213456","True","3","2017-07-23 02:30:13","30213456"
"17826028","30621142","True","3","2015-06-03 14:21:44","30621142"
"49196051","30649582","True","2","2019-04-06 15:18:40","30649582"
"35475312","31201083","True","2","2017-08-31 17:19:01","31201083"
"32688227","31313170","True","3","2017-04-27 17:58:45","31313170"
"26882516","31786040","True","3","2016-08-18 15:36:29","31786040"
"30171845","33041733","True","3","2017-01-13 04:01:58","33041733"
"20772881","33478131","True","3","2015-11-02 13:45:51","33478131"
"20775133","33478131","True","2","2015-11-02 15:18:32","33478131"
"34989319","34344850","True","3","2017-08-09 11:01:57","34344850"
"34611323","34424706","True","3","2017-07-24 04:32:25","34424706"
"47738412","34499843","True","3","2019-02-11 13:53:08","34499843"
"47015844","34903605","True","3","2019-01-14 15:21:52","34903605"
"43727465","34903605","True","2","2018-08-20 02:46:46","34903605"
"35133166","35673254","True","3","2017-08-16 08:53:25","35673254"
"44549284","35756663","True","2","2018-09-27 11:42:42","35756663"
"33073261","36137802","True","2","2017-05-15 12:30:11","36137802"
"26883542","36423188","True","2","2016-08-18 16:37:03","36423188"
"24271029","36627628","True","2","2016-04-14 16:07:40","36627628"
"39823434","36701111","True","3","2018-03-12 09:33:39","36701111"
"35855552","36840448","True","2","2017-09-18 09:46:31","36840448"
"33766079","37289634","True","2","2017-06-15 06:59:23","37289634"
"39680308","37711051","True","2","2018-03-06 17:50:27","37711051"
"38301847","37854185","True","3","2018-01-09 11:33:05","37854185"
"52313489","37915326","True","3","2019-08-26 11:42:08","37915326"
"36650101","38023093","True","2","2017-10-24 11:31:18","38023093"
"35468682","38071714","True","2","2017-08-31 12:22:41","38071714"
"51163870","38071714","True","2","2019-07-04 07:53:04","38071714"
"40065502","38071714","True","2","2018-03-20 17:25:54","38071714"
"38529768","38380827","True","2","2018-01-18 18:25:12","38380827"
"41918055","38554037","True","2","2018-06-01 17:53:58","38554037"
"58296633","38633023","True","2","2020-05-02 11:10:25","38633023"
"44106019","38633023","True","2","2018-09-06 19:47:04","38633023"
"30962364","38633023","True","2","2017-02-15 14:58:29","38633023"
"46933030","38633023","True","3","2019-01-10 16:55:30","38633023"
"47662679","38633023","True","2","2019-02-08 00:25:21","38633023"
"45809760","38633023","True","2","2018-11-21 08:23:52","38633023"
"38160338","38863827","True","2","2018-01-02 09:54:34","38863827"
"61610841","40485481","True","3","2020-09-29 18:08:54","40485481"
"28828269","40575493","True","2","2016-11-13 17:44:20","40575493"
"57337946","40856925","True","2","2020-03-22 23:41:10","40856925"
"29295896","40932850","True","2","2016-12-02 13:04:18","40932850"
"40359079","40972026","True","2","2018-03-31 16:24:39","40972026"
"34605450","41010290","True","2","2017-07-23 16:42:02","41010290"
"29940399","41431506","True","2","2017-01-03 13:34:01","41431506"
"56765940","41636566","True","2","2020-02-27 01:16:57","41636566"
"30512085","41640621","True","2","2017-01-27 12:27:04","41640621"
"42224892","42062199","True","3","2018-06-14 14:49:51","42062199"
"47013468","42105805","True","2","2019-01-14 13:50:24","42105805"
"39556818","42358521","True","2","2018-03-01 15:10:09","42358521"
"31900834","42358521","True","2","2017-03-26 06:21:27","42358521"
"51541474","42435307","True","2","2019-07-21 17:04:12","42435307"
"60739534","42691123","True","2","2020-08-20 07:40:07","42691123"
"31894739","42951764","True","2","2017-03-25 18:00:52","42951764"
"31894761","42951764","True","2","2017-03-25 18:02:58","42951764"
"33058908","43142821","True","2","2017-05-14 22:06:20","43142821"
"37476451","43246560","True","2","2017-11-28 15:47:39","43246560"
"56127841","43939970","True","2","2020-02-01 15:18:52","43939970"
"52709366","44065208","True","2","2019-09-12 18:55:05","44065208"
"37142706","44331178","True","2","2017-11-14 14:07:41","44331178"
"33615620","44430810","True","2","2017-06-08 08:50:40","44430810"
"38912633","44828479","True","2","2018-02-03 22:08:49","44828479"
"53073883","44870461","True","2","2019-09-28 07:21:50","44870461"
"42649202","44886715","True","2","2018-07-03 15:18:46","44886715"
"37488127","44910623","True","2","2017-11-29 03:20:35","44910623"
"39558108","45150009","True","2","2018-03-01 15:57:39","45150009"
"52090787","45208766","True","2","2019-08-15 11:46:51","45208766"
"43729184","45453061","True","2","2018-08-20 05:27:50","45453061"
"45658105","45453061","True","3","2018-11-14 20:08:29","45453061"
"42424190","45616764","True","2","2018-06-23 11:36:32","45616764"
"48241318","45655728","True","2","2019-03-01 02:29:22","45655728"
"41352825","46002727","True","2","2018-05-09 20:45:56","46002727"
"48363371","46069921","True","2","2019-03-05 21:12:45","46069921"
"58983797","46131443","True","3","2020-05-28 21:38:43","46131443"
"53788588","46244677","True","2","2019-10-28 11:04:32","46244677"
"42228075","46404449","True","2","2018-06-14 17:22:40","46404449"
"50201890","46432262","True","3","2019-05-21 06:45:58","46432262"
"57853708","46668418","True","3","2020-04-14 10:06:08","46668418"
"48370326","46724191","True","2","2019-03-06 05:11:05","46724191"
"40162515","47379427","True","3","2018-03-23 17:23:31","47379427"
"41568911","47379427","True","3","2018-05-18 09:19:18","47379427"
"47351673","47544877","True","2","2019-01-27 13:29:46","47544877"
"49195249","47793065","True","2","2019-04-06 14:13:19","47793065"
"47071908","48043245","True","2","2019-01-16 13:40:18","48043245"
"47069246","48071720","True","2","2019-01-16 12:08:41","48071720"
"43716259","48294450","True","2","2018-08-19 03:43:02","48294450"
"51896624","48428120","True","2","2019-08-06 11:35:26","48428120"
"57333457","48624757","True","2","2020-03-22 17:26:16","48624757"
"57329628","48639206","True","3","2020-03-22 12:59:49","48639206"
"42999270","48753245","True","2","2018-07-18 10:15:02","48753245"
"54465907","48790489","True","2","2019-11-24 14:26:53","48790489"
"55337910","48838101","True","2","2019-12-30 22:33:43","48838101"
"57347265","48900551","True","3","2020-03-23 10:57:36","48900551"
"54625699","48906817","True","2","2019-12-01 09:39:30","48906817"
"50804123","48906817","True","3","2019-06-18 08:15:25","48906817"
"39773648","49198200","True","2","2018-03-09 16:39:21","49198200"
"39819078","49226015","True","2","2018-03-12 06:41:17","49226015"
"46118827","49646849","True","2","2018-12-04 10:50:35","49646849"
"47350022","50645878","True","2","2019-01-27 11:24:44","50645878"
"61408725","50651256","True","3","2020-09-21 08:18:22","50651256"
"48546260","50653819","True","2","2019-03-12 13:12:51","50653819"
"61253331","50810342","True","2","2020-09-14 07:33:08","50810342"
"51527668","51017164","True","2","2019-07-20 13:03:53","51017164"
"49917416","51026313","True","3","2019-05-08 12:29:28","51026313"
"43341665","51542197","True","2","2018-08-01 16:11:50","51542197"
"57703001","51697673","True","2","2020-04-07 16:25:22","51697673"
"60752066","51829581","True","2","2020-08-20 17:18:26","51829581"
"52898683","51829581","True","2","2019-09-20 20:28:06","51829581"
"48322069","51934569","True","2","2019-03-04 14:53:52","51934569"
"43904832","52060716","True","2","2018-08-28 15:31:26","52060716"
"59827231","52137902","True","2","2020-07-05 19:01:20","52137902"
"58653823","52264536","True","2","2020-05-15 18:03:58","52264536"
"47739670","52442471","True","2","2019-02-11 14:38:06","52442471"
"51893465","52596616","True","2","2019-08-06 09:43:00","52596616"
"48643419","52834628","True","2","2019-03-15 11:55:51","52834628"
"45458884","53113938","True","2","2018-11-06 12:12:25","53113938"
"54425061","53147838","True","3","2019-11-22 08:50:36","53147838"
"61065412","53240514","True","3","2020-09-04 16:49:05","53240514"
"60596038","53500531","True","3","2020-08-13 00:31:46","53500531"
"47620209","53829046","True","2","2019-02-06 15:20:07","53829046"
"58656535","53955613","True","2","2020-05-15 20:33:12","53955613"
"56275653","53990141","True","2","2020-02-07 08:47:17","53990141"
"55379890","54001986","True","2","2020-01-02 11:57:16","54001986"
"52693133","54027787","True","2","2019-09-12 07:50:34","54027787"
"56127429","54076086","True","2","2020-02-01 14:40:08","54076086"
"60887477","54124170","True","3","2020-08-27 09:10:00","54124170"
"47202350","54292509","True","2","2019-01-21 21:16:40","54292509"
"45447248","34503547","True","2","2018-11-06 00:46:00","34503547"
"43556097","48984610","True","2","2018-08-10 13:26:06","48984610"
"33215950","44097193","True","2","2017-05-21 13:38:14","44097193"
"36655225","39784719","True","2","2017-10-24 14:28:42","39784719"
"33620569","39784719","True","3","2017-06-08 11:48:06","39784719"
"50790536","39596490","True","2","2019-06-17 16:37:46","39596490"
"54237243","39561186","True","3","2019-11-15 00:39:41","39561186"
"37150155","47287743","True","2","2017-11-14 19:11:42","47287743"
"28061792","39428356","True","2","2016-10-11 15:45:39","39428356"
"52311019","54582881","True","2","2019-08-26 10:05:47","54582881"
"53617954","55361427","True","2","2019-10-21 08:07:52","55361427"
"56500181","55577061","True","2","2020-02-16 22:24:05","55577061"
"49909895","55595592","True","2","2019-05-08 07:57:31","55595592"
"59143892","55932894","True","2","2020-06-04 12:27:51","55932894"
"58661770","56622485","True","2","2020-05-16 04:42:00","56622485"
"50797435","56640304","True","3","2019-06-18 02:15:53","56640304"
"51172872","56886551","True","2","2019-07-04 13:11:18","56886551"
"51700311","57242637","True","2","2019-07-28 16:30:58","57242637"
"58667453","57773191","True","3","2020-05-16 11:28:59","57773191"
"61404520","58610715","True","3","2020-09-21 04:05:15","58610715"
"54864777","58892667","True","2","2019-12-10 09:43:44","58892667"
"58105117","59445062","True","2","2020-04-24 09:41:43","59445062"
"58306744","60028362","True","2","2020-05-02 22:18:59","60028362"
"61619755","61170828","True","2","2020-09-30 05:34:50","61170828"
"61587435","61178905","True","2","2020-09-28 23:01:48","61178905"
"60428434","63236212","True","2","2020-08-04 15:29:53","63236212"
"60575949","63360018","True","2","2020-08-12 05:15:34","63360018"
"15472404","25595492","True","2","2015-02-04 02:52:38","25595492"
"21313889","26854986","True","2","2015-11-27 09:07:06","26854986"
"47169940","26866479","True","2","2019-01-20 15:12:08","26866479"
"46326062","26866479","True","3","2018-12-12 17:27:15","26866479"
"22085390","27007353","True","2","2016-01-06 15:36:27","27007353"
"28141346","27007353","True","2","2016-10-14 12:31:50","27007353"
"14663613","27489124","True","2","2014-12-16 01:23:51","27489124"
"17359950","28767707","True","2","2015-05-09 09:35:58","28767707"
"41279750","29117570","True","2","2018-05-07 11:32:15","29117570"
"46190720","29117570","True","2","2018-12-06 19:24:27","29117570"
"51199879","29117570","True","2","2019-07-05 16:33:31","29117570"
"43757885","29117570","True","2","2018-08-21 10:00:12","29117570"
"33675265","29117570","True","2","2017-06-11 11:36:37","29117570"
"29106291","29117570","True","3","2016-11-24 14:09:16","29117570"
"20499222","29636899","True","2","2015-10-20 11:37:41","29636899"
"24057444","29644916","True","2","2016-04-05 14:04:07","29644916"
"61298007","29644916","True","2","2020-09-16 00:02:31","29644916"
"61101712","29761872","True","2","2020-09-07 06:45:45","29761872"
"31208608","29761872","True","2","2017-02-26 01:32:27","29761872"
"59160087","29761872","True","2","2020-06-05 02:31:23","29761872"
"42234851","29761872","True","2","2018-06-15 02:00:09","29761872"
"42248147","29761872","True","2","2018-06-15 13:28:52","29761872"
"41262589","30213456","True","2","2018-05-06 16:12:09","30213456"
"24408257","30422184","True","2","2016-04-21 02:24:55","30422184"
"26920931","30422184","True","2","2016-08-20 16:49:04","30422184"
"18792832","31317470","True","2","2015-07-25 04:38:39","31317470"
"28479441","32334161","True","2","2016-10-28 12:24:40","32334161"
"24950030","32481469","True","2","2016-05-16 22:30:03","32481469"
"19865810","32574103","True","2","2015-09-19 23:23:38","32574103"
"56379946","32741333","True","2","2020-02-11 22:00:53","32741333"
"32550399","33041733","True","3","2017-04-22 05:04:04","33041733"
"44624663","33041733","True","2","2018-10-01 11:33:14","33041733"
"25132988","33125508","True","2","2016-05-25 07:24:57","33125508"
"43211186","33125508","True","2","2018-07-26 20:10:34","33125508"
"21492844","33125508","True","2","2015-12-05 19:36:50","33125508"
"38467143","33651930","True","2","2018-01-16 15:07:24","33651930"
"44219263","33680497","True","2","2018-09-12 11:49:46","33680497"
"38228601","34301614","True","2","2018-01-05 10:09:47","34301614"
"34056440","34344850","True","2","2017-06-28 22:01:35","34344850"
"57937124","34503547","True","3","2020-04-17 11:56:34","34503547"
"28296613","34794630","True","3","2016-10-20 19:54:11","34794630"
"47709960","34903605","True","2","2019-02-10 08:28:14","34903605"
"22611917","34973135","True","2","2016-01-31 16:08:06","34973135"
"30196381","35065875","True","2","2017-01-14 05:24:48","35065875"
"28280877","35172625","True","2","2016-10-20 09:23:46","35172625"
"22705301","35198346","True","2","2016-02-04 10:26:23","35198346"
"59716626","35264620","True","2","2020-06-30 04:17:04","35264620"
"34067662","35314963","True","2","2017-06-29 09:48:39","35314963"
"25501001","35329128","True","3","2016-06-12 12:28:22","35329128"
"22891370","35368503","True","2","2016-02-12 18:59:03","35368503"
"39380426","35756663","True","3","2018-02-22 15:29:57","35756663"
"47796220","36083504","True","2","2019-02-13 09:36:51","36083504"
"46327709","36137802","True","2","2018-12-12 18:50:51","36137802"
"27122326","36407520","True","2","2016-08-30 10:16:13","36407520"
"43008216","36423188","False","2","2018-07-18 15:26:40","36423188"
"57400984","36461493","True","2","2020-03-25 14:16:48","36461493"
"46231406","36680157","True","2","2018-12-08 18:57:22","36680157"
"43209223","36701111","True","2","2018-07-26 18:14:08","36701111"
"55483089","37148836","True","2","2020-01-07 06:52:16","37148836"
"46188742","37180375","True","2","2018-12-06 17:44:49","37180375"
"36192799","37180375","True","2","2017-10-03 16:01:02","37180375"
"52178570","37801454","True","2","2019-08-20 07:49:55","37801454"
"31518756","38071714","True","2","2017-03-10 09:18:37","38071714"
"54359874","38633023","True","2","2019-11-20 06:20:30","38633023"
"35391209","38786207","True","3","2017-08-28 13:01:54","38786207"
"39297652","39259293","True","3","2018-02-20 00:33:07","39259293"
"34632735","39686227","True","2","2017-07-24 22:21:49","39686227"
"42240390","39852947","True","2","2018-06-15 07:56:03","39852947"
"33861840","39920488","True","2","2017-06-20 06:05:02","39920488"
"57054141","40081965","True","2","2020-03-10 05:30:37","40081965"
"45916549","40856925","True","2","2018-11-26 10:12:31","40856925"
"56466111","40900818","True","2","2020-02-14 16:56:55","40900818"
"35404097","41072098","True","2","2017-08-29 04:29:51","41072098"
"38336625","41445442","True","2","2018-01-10 15:46:20","41445442"
"37199726","41618538","True","2","2017-11-16 12:39:15","41618538"
"45695496","41640621","True","2","2018-11-16 05:43:59","41640621"
"30641248","41640621","True","2","2017-02-02 09:59:14","41640621"
"43987072","41640621","True","2","2018-09-01 04:34:38","41640621"
"34059592","41749456","True","2","2017-06-29 03:24:13","41749456"
"56878890","41800036","False","2","2020-03-03 01:50:38","41800036"
"32554886","43552529","True","2","2017-04-22 11:33:21","43552529"
"51604972","43612866","True","3","2019-07-24 06:58:15","43612866"
"51363745","43835206","True","2","2019-07-13 04:56:34","43835206"
"37197793","43983286","True","2","2017-11-16 11:32:33","43983286"
"33137882","44029177","True","3","2017-05-17 18:22:19","44029177"
"56569960","44085454","True","2","2020-02-19 08:38:33","44085454"
"60506163","44114755","True","2","2020-08-08 08:11:42","44114755"
"47360907","44540545","True","2","2019-01-28 02:58:55","44540545"
"48807887","44554638","True","2","2019-03-21 22:44:45","44554638"
"57052591","44579396","True","2","2020-03-10 03:36:46","44579396"
"46457154","44597832","True","3","2018-12-18 15:41:56","44597832"
"58476052","45212459","True","2","2020-05-09 08:20:11","45212459"
"43629760","45655728","True","3","2018-08-14 15:10:19","45655728"
"46943523","45655728","True","3","2019-01-11 04:31:09","45655728"
"46890646","45789168","True","2","2019-01-09 10:45:51","45789168"
"46646076","46390552","True","2","2018-12-28 09:11:08","46390552"
"41640200","46581022","True","2","2018-05-22 02:06:26","46581022"
"43985677","47163923","True","2","2018-09-01 00:30:24","47163923"
"56872721","47178056","True","3","2020-03-02 18:22:27","47178056"
"56425069","47181503","True","2","2020-02-13 09:43:44","47181503"
"59389352","47566892","True","2","2020-06-14 19:06:23","47566892"
"38333060","47572543","True","3","2018-01-10 13:35:42","47572543"
"56514003","47647560","True","2","2020-02-17 11:16:38","47647560"
"39289941","48835919","True","2","2018-02-19 16:26:14","48835919"
"42614467","48882829","True","2","2018-07-02 10:25:48","48882829"
"51361230","48900551","True","3","2019-07-12 22:30:45","48900551"
"43023056","48906817","True","2","2018-07-19 06:52:53","48906817"
"40367881","48906817","True","2","2018-04-01 09:21:45","48906817"
"50995216","48909754","True","2","2019-06-26 13:33:10","48909754"
"47829719","49171571","True","2","2019-02-14 09:33:52","49171571"
"53888641","49384819","True","2","2019-11-01 01:28:33","49384819"
"57072074","49612709","True","2","2020-03-10 17:56:27","49612709"
"47363707","49646849","True","2","2019-01-28 06:09:32","49646849"
"45496158","49777963","True","2","2018-11-07 22:05:23","49777963"
"57764800","50239555","True","2","2020-04-10 02:17:15","50239555"
"56423988","50278841","True","2","2020-02-13 09:11:05","50278841"
"41437268","50320908","True","2","2018-05-13 21:48:41","50320908"
"42247919","50876475","True","2","2018-06-15 13:19:55","50876475"
"50017399","51416552","True","2","2019-05-13 09:27:28","51416552"
"59382989","51416552","True","2","2020-06-14 12:07:57","51416552"
"49426484","51515839","True","2","2019-04-16 10:54:39","51515839"
"43206027","51542629","True","3","2018-07-26 15:35:50","51542629"
"56511346","51726683","True","2","2020-02-17 09:47:44","51726683"
"47365730","51908605","True","2","2019-01-28 07:35:01","51908605"
"61276017","51921762","True","3","2020-09-15 05:39:39","51921762"
"44217415","52266348","True","2","2018-09-12 10:33:35","52266348"
"61912000","52352815","True","2","2020-10-12 16:18:07","52352815"
"46048385","52383201","True","3","2018-11-30 21:47:12","52383201"
"47826624","52754251","True","2","2019-02-14 07:49:50","52754251"
"45310886","52833650","True","2","2018-10-30 15:32:34","52833650"
"52181458","53151527","True","2","2019-08-20 09:34:05","53151527"
"52425514","53541566","True","2","2019-08-30 14:56:58","53541566"
"46504213","53867089","True","2","2018-12-20 11:03:00","53867089"
"55932643","53989458","True","2","2020-01-24 09:13:36","53989458"
"61935606","54041918","True","2","2020-10-13 13:41:03","54041918"
"57406786","54091672","True","2","2020-03-25 18:28:34","54091672"
"59723538","54533643","True","2","2020-06-30 10:23:15","54533643"
"47711943","54575048","True","2","2019-02-10 11:22:39","54575048"
"47872784","54598813","True","2","2019-02-15 16:37:30","54598813"
"50010584","54598813","True","2","2019-05-13 03:31:30","54598813"
"48311691","54837671","True","2","2019-03-04 08:45:33","54837671"
"58471874","55268592","True","2","2020-05-09 03:05:49","55268592"
"49267451","55597216","True","2","2019-04-09 16:32:13","55597216"
"49628726","55843815","True","2","2019-04-25 07:41:32","55843815"
"53878294","56447816","True","2","2019-10-31 14:33:10","56447816"
"50607962","56509701","True","2","2019-06-08 21:18:36","56509701"
"50821059","56647298","True","2","2019-06-18 20:02:23","56647298"
"58137753","56850977","True","2","2020-04-25 21:00:30","56850977"
"60770620","56850977","True","2","2020-08-21 14:56:05","56850977"
"51608201","57170349","True","2","2019-07-24 08:48:34","57170349"
"54646866","58389130","True","2","2019-12-02 11:00:14","58389130"
"53643738","58389130","True","2","2019-10-22 06:15:32","58389130"
"54159104","58817814","True","2","2019-11-12 12:12:37","58817814"
"54309160","58892667","True","2","2019-11-18 12:39:15","58892667"
"54780715","59202781","True","2","2019-12-06 16:50:30","59202781"
"56380673","60176363","True","2","2020-02-11 22:54:51","60176363"
"60501989","60390615","True","3","2020-08-07 22:59:46","60390615"
"60509874","60729579","True","2","2020-08-08 13:40:11","60729579"
"59927419","60816014","True","2","2020-07-10 06:25:09","60816014"
"57763730","60827577","True","2","2020-04-10 00:37:02","60827577"
"61103384","62364877","True","2","2020-09-07 08:07:10","62364877"
"61103397","62364877","True","2","2020-09-07 08:07:41","62364877"
"59383093","62368320","True","2","2020-06-14 12:15:07","62368320"
"59930924","62573042","True","2","2020-07-10 09:22:02","62573042"
"61934664","64332324","True","2","2020-10-13 12:54:37","64332324"
"30103657","25595492","True","2","2017-01-10 17:19:32","25595492"
"40032000","25600580","True","2","2018-03-19 17:23:18","25600580"
"39173680","26331854","True","3","2018-02-14 12:06:05","26331854"
"28749594","26331854","True","3","2016-11-09 20:45:31","26331854"
"40037811","26491425","True","2","2018-03-19 22:29:18","26491425"
"48267793","26866479","True","2","2019-03-01 22:09:08","26866479"
"32837483","26866479","True","2","2017-05-04 16:57:31","26866479"
"20114380","26866479","True","3","2015-10-01 21:51:58","26866479"
"23715298","27007353","True","2","2016-03-20 08:44:46","27007353"
"16068355","27007353","True","2","2015-03-05 17:04:50","27007353"
"35788282","27054162","True","3","2017-09-14 17:30:17","27054162"
"43835114","27054162","True","3","2018-08-24 14:32:30","27054162"
"17109085","27470721","True","2","2015-04-26 11:07:19","27470721"
"22597128","27865238","True","2","2016-01-30 11:30:47","27865238"
"15973335","28767707","True","2","2015-03-01 14:36:35","28767707"
"48096243","29117570","True","2","2019-02-24 10:40:06","29117570"
"35066945","29117570","True","2","2017-08-12 21:09:38","29117570"
"42320795","29669180","True","2","2018-06-19 12:31:56","29669180"
"46109680","29669180","True","3","2018-12-04 04:25:11","29669180"
"30383076","29761872","True","2","2017-01-22 15:30:28","29761872"
"30506604","29761872","True","2","2017-01-27 08:33:18","29761872"
"30814083","29761872","True","2","2017-02-09 09:58:23","29761872"
"22683279","29761872","True","2","2016-02-03 13:48:41","29761872"
"31500643","29761872","True","2","2017-03-09 15:33:28","29761872"
"31544640","29761872","True","2","2017-03-11 14:08:17","29761872"
"40526196","29761872","True","2","2018-04-06 22:50:39","29761872"
"34306539","29761872","True","2","2017-07-10 22:20:16","29761872"
"18872900","30027545","True","2","2015-07-29 16:06:54","30027545"
"17401864","30173267","True","2","2015-05-12 04:13:11","30173267"
"41125342","30213456","True","3","2018-04-30 17:50:03","30213456"
"23886977","30213456","True","2","2016-03-28 23:30:23","30213456"
"56134804","30213456","True","2","2020-02-02 05:25:51","30213456"
"53541378","30213456","True","2","2019-10-17 13:27:05","30213456"
"17756718","30422184","True","2","2015-05-30 20:36:06","30422184"
"34131219","30422184","True","2","2017-07-03 04:16:44","30422184"
"49657697","30648096","True","2","2019-04-26 08:34:48","30648096"
"20702866","31031865","True","2","2015-10-29 14:11:22","31031865"
"24977017","31046924","True","2","2016-05-17 23:08:08","31046924"
"37756414","31097306","True","3","2017-12-10 08:38:48","31097306"
"33185089","31546631","True","2","2017-05-19 12:44:06","31546631"
"20507201","33228178","True","2","2015-10-20 17:06:07","33228178"
"20994531","33651930","True","2","2015-11-12 13:22:59","33651930"
"29339772","33726653","True","2","2016-12-05 05:13:39","33726653"
"22592642","34230517","True","2","2016-01-30 03:40:14","34230517"
"27173702","34295221","True","2","2016-09-01 09:27:40","34295221"
"24460080","34344850","True","2","2016-04-23 06:50:13","34344850"
"41006326","34357893","True","2","2018-04-25 12:43:25","34357893"
"41514631","34499843","True","2","2018-05-16 12:59:19","34499843"
"22198158","34640611","True","2","2016-01-12 08:19:59","34640611"
"59085774","34730542","True","3","2020-06-02 12:07:45","34730542"
"37062936","34903605","True","2","2017-11-10 15:41:06","34903605"
"28521191","35065875","True","2","2016-10-31 09:35:28","35065875"
"45156361","35065875","True","2","2018-10-24 05:52:09","35065875"
"25904049","35065875","True","2","2016-07-01 12:52:16","35065875"
"34674707","35065875","True","2","2017-07-26 10:59:11","35065875"
"22776685","35264620","True","2","2016-02-08 09:07:22","35264620"
"58004158","35379246","True","2","2020-04-20 15:24:12","35379246"
"52941271","35756663","True","2","2019-09-23 12:28:19","35756663"
"55132644","36083504","True","3","2019-12-19 15:51:37","36083504"
"23930395","36291878","True","2","2016-03-30 14:02:50","36291878"
"31780247","37159662","True","2","2017-03-21 13:24:10","37159662"
"34129637","37180375","True","3","2017-07-03 01:20:11","37180375"
"43478964","37404447","True","3","2018-08-07 18:38:23","37404447"
"47537878","37864255","True","2","2019-02-03 16:57:34","37864255"
"45165202","38071714","True","2","2018-10-24 11:18:11","38071714"
"53320524","38071714","True","3","2019-10-09 07:59:46","38071714"
"48536961","38132927","True","2","2019-03-12 08:40:12","38132927"
"26079845","38270537","True","2","2016-07-11 14:58:23","38270537"
"26647881","38389706","True","2","2016-08-07 16:50:08","38389706"
"51809430","38633023","True","2","2019-08-01 21:57:26","38633023"
"50684219","38820356","True","2","2019-06-12 11:51:06","38820356"
"30242496","39015444","True","2","2017-01-16 19:35:17","39015444"
"48771033","39126827","True","2","2019-03-20 15:24:01","39126827"
"60623365","39172254","True","2","2020-08-14 06:47:05","39172254"
"28990909","39672919","True","2","2016-11-20 03:14:59","39672919"
"43081950","39784719","True","3","2018-07-21 15:21:12","39784719"
"30462458","39887185","True","2","2017-01-25 14:02:49","39887185"
"52439258","40219273","True","3","2019-08-31 14:10:57","40219273"
"53549270","40377076","True","2","2019-10-17 18:56:01","40377076"
"30730681","40377377","True","2","2017-02-06 14:26:44","40377377"
"29353286","40960601","True","2","2016-12-05 15:00:21","40960601"
"32520614","40972026","True","2","2017-04-20 22:08:13","40972026"
"36869715","41556693","True","2","2017-11-02 14:39:45","41556693"
"59749116","41731704","True","2","2020-07-01 11:55:07","41731704"
"58374666","41739975","True","2","2020-05-05 18:25:20","41739975"
"31056148","41824300","True","2","2017-02-20 02:02:34","41824300"
"58358753","42002512","True","3","2020-05-05 08:11:24","42002512"
"43100501","42191831","True","3","2018-07-23 03:29:01","42191831"
"31001070","42286951","True","2","2017-02-16 23:54:11","42286951"
"59946699","42435307","True","2","2020-07-11 05:45:26","42435307"
"45370809","42539505","True","2","2018-11-01 22:07:25","42539505"
"35260420","42648060","True","2","2017-08-22 08:39:10","42648060"
"32376503","42747278","True","2","2017-04-14 12:36:54","42747278"
"41846324","42788267","True","2","2018-05-30 07:46:11","42788267"
"48730495","43208872","True","2","2019-03-19 10:23:19","43208872"
"44664395","43426699","True","3","2018-10-03 03:52:10","43426699"
"36539489","43498534","True","2","2017-10-18 23:31:27","43498534"
"56885226","43617787","True","2","2020-03-03 07:46:57","43617787"
"34309552","43927492","True","2","2017-07-11 03:29:48","43927492"
"41127902","43950808","True","2","2018-04-30 20:23:13","43950808"
"35973809","43983286","True","3","2017-09-22 17:47:23","43983286"
"52948145","44610425","True","2","2019-09-23 17:05:46","44610425"
"43640170","44828479","True","2","2018-08-15 05:48:54","44828479"
"45602161","44870461","True","2","2018-11-13 00:09:43","44870461"
"40352474","44870461","True","2","2018-03-31 07:36:54","44870461"
"54536137","44870461","True","2","2019-11-27 07:17:36","44870461"
"34139535","44882977","True","2","2017-07-03 10:46:50","44882977"
"48533612","45208766","True","2","2019-03-12 06:43:44","45208766"
"40256062","45255164","True","2","2018-03-27 16:36:04","45255164"
"54372961","45363163","True","3","2019-11-20 13:56:00","45363163"
"42491116","45363163","True","2","2018-06-26 16:17:22","45363163"
"56622880","45371705","True","2","2020-02-20 22:39:57","45371705"
"37736723","45441593","True","2","2017-12-08 22:06:32","45441593"
"47439875","45567201","True","2","2019-01-30 13:57:38","45567201"
"46114245","45616764","True","2","2018-12-04 08:03:32","45616764"
"38203177","45622414","True","3","2018-01-04 08:54:20","45622414"
"47243705","45655728","True","3","2019-01-23 07:06:04","45655728"
"51254697","45655728","True","2","2019-07-09 03:10:34","45655728"
"54806623","45688730","True","2","2019-12-08 06:14:29","45688730"
"48585744","45688730","True","3","2019-03-13 15:29:19","45688730"
"40528248","46002727","True","2","2018-04-07 03:25:28","46002727"
"53123169","46131196","True","2","2019-09-30 20:03:12","46131196"
"52776006","46131443","True","3","2019-09-16 11:43:01","46131443"
"41844265","46453447","True","3","2018-05-30 06:34:30","46453447"
"36215755","46566667","True","2","2017-10-04 14:05:06","46566667"
"56890790","46575898","True","2","2020-03-03 10:56:08","46575898"
"42862820","46920685","True","2","2018-07-12 10:15:07","46920685"
"50682092","47015950","True","2","2019-06-12 10:35:37","47015950"
"42483732","47178056","True","2","2018-06-26 11:42:56","47178056"
"59584598","47571761","True","2","2020-06-23 13:11:05","47571761"
"43292098","47782247","True","2","2018-07-31 01:27:56","47782247"
"53549434","47782247","True","2","2019-10-17 19:04:48","47782247"
"41673483","47793065","True","2","2018-05-23 05:47:48","47793065"
"49014469","48279479","True","2","2019-03-29 21:12:42","48279479"
"42681993","48635782","True","2","2018-07-04 20:58:26","48635782"
"40091226","48882829","True","3","2018-03-21 13:29:30","48882829"
"46522947","48900551","True","2","2018-12-21 06:25:16","48900551"
"51819605","48900551","True","3","2019-08-02 09:22:38","48900551"
"48728568","48984610","True","3","2019-03-19 09:24:56","48984610"
"56931223","49161617","True","3","2020-03-04 16:47:21","49161617"
"50859308","49443206","True","2","2019-06-20 08:18:21","49443206"
"50667409","49612911","True","3","2019-06-11 19:42:03","49612911"
"45150265","49612911","True","2","2018-10-23 21:43:46","49612911"
"41123089","49757754","True","2","2018-04-30 15:49:08","49757754"
"57465059","49980008","True","3","2020-03-28 04:30:15","49980008"
"49619144","55838130","True","2","2019-04-24 20:36:19","55838130"
"62017730","56823582","True","2","2020-10-16 10:53:33","56823582"
"57755029","56879373","True","3","2020-04-09 16:05:21","56879373"
"51672729","57222357","True","2","2019-07-26 15:05:59","57222357"
"51673100","57222357","True","2","2019-07-26 15:23:50","57222357"
"51673726","57222357","True","2","2019-07-26 15:56:48","57222357"
"51673921","57222357","True","2","2019-07-26 16:10:40","57222357"
"51673923","57222357","True","2","2019-07-26 16:10:41","57222357"
"51673954","57222357","True","2","2019-07-26 16:12:39","57222357"
"51674038","57222357","True","2","2019-07-26 16:16:31","57222357"
"51674729","57222357","True","2","2019-07-26 16:59:36","57222357"
"51677339","57222357","True","2","2019-07-26 20:01:36","57222357"
"61524188","57268652","True","2","2020-09-25 15:09:09","57268652"
"52256460","57564493","True","2","2019-08-23 04:43:06","57564493"
"55676921","57621106","True","2","2020-01-14 13:27:40","57621106"
"60001381","57802065","True","3","2020-07-14 09:39:10","57802065"
"62023580","57852689","True","3","2020-10-16 14:52:40","57852689"
"56532711","57852689","True","2","2020-02-18 04:38:58","57852689"
"56665462","58763972","True","2","2020-02-23 03:10:13","58763972"
"59260980","58870055","True","2","2020-06-09 11:20:44","58870055"
"56215625","59176464","True","2","2020-02-05 09:34:35","59176464"
"55452937","59516801","True","2","2020-01-06 06:16:01","59516801"
"60921586","59532435","True","2","2020-08-28 17:41:58","59532435"
"61071859","59656650","True","3","2020-09-05 04:13:51","59656650"
"56534803","60274394","True","2","2020-02-18 06:23:28","60274394"
"59460889","60425348","True","2","2020-06-17 12:23:59","60425348"
"56980066","60554058","True","2","2020-03-06 10:06:30","60554058"
"57746090","60598519","True","2","2020-04-09 09:46:36","60598519"
"62013132","60882640","True","2","2020-10-16 07:50:15","60882640"
"58213023","61028545","True","2","2020-04-29 00:35:35","61028545"
"58077768","61379659","True","2","2020-04-23 09:46:33","61379659"
"58607169","61750658","True","2","2020-05-14 07:09:36","61750658"
"61528940","64051096","True","2","2020-09-25 19:46:15","64051096"
"50351797","56324466","True","2","2019-05-28 02:03:29","56324466"
"54980962","55003570","True","2","2019-12-13 20:06:06","55003570"
"61954317","64347565","True","2","2020-10-14 07:07:56","64347565"
"14090066","25600580","True","2","2014-11-12 20:49:11","25600580"
"37247284","26331854","True","2","2017-11-18 13:22:48","26331854"
"41787848","26331854","True","3","2018-05-28 05:46:22","26331854"
"27285471","26331854","True","3","2016-09-07 06:10:33","26331854"
"56503189","26616962","True","2","2020-02-17 03:39:33","26616962"
"21626037","26866479","True","2","2015-12-11 12:35:33","26866479"
"26765618","26866479","True","2","2016-08-12 12:48:50","26866479"
"43603837","26975640","True","3","2018-08-13 14:06:56","26975640"
"15632702","27007353","True","3","2015-02-11 19:39:38","27007353"
"26600335","27054162","True","2","2016-08-04 16:49:27","27054162"
"28548470","27865238","True","2","2016-11-01 13:17:21","27865238"
"46621878","28319278","True","3","2018-12-27 07:38:25","28319278"
"33260496","28500066","True","2","2017-05-23 11:25:06","28500066"
"17457898","28942614","True","2","2015-05-14 12:59:42","28942614"
"23947589","29071226","True","2","2016-03-31 07:50:57","29071226"
"31361048","29117570","True","2","2017-03-03 20:37:28","29117570"
"52333095","29117570","True","2","2019-08-27 07:48:57","29117570"
"28721884","29117570","True","2","2016-11-08 19:46:43","29117570"
"27701729","29460485","True","2","2016-09-26 02:12:48","29460485"
"24899218","29460485","True","3","2016-05-13 17:34:55","29460485"
"25278273","29761872","True","2","2016-06-01 10:10:55","29761872"
"17634619","30027545","True","2","2015-05-24 09:33:19","30027545"
"31188984","30213456","True","3","2017-02-24 17:45:05","30213456"
"26597694","30213456","True","2","2016-08-04 14:43:25","30213456"
"43593041","30213456","True","2","2018-08-13 06:15:52","30213456"
"36509411","30286443","True","2","2017-10-17 18:01:56","30286443"
"53709176","30286443","True","2","2019-10-24 09:33:33","30286443"
"45976543","30296587","True","2","2018-11-28 10:46:03","30296587"
"60830454","30422184","True","2","2020-08-25 04:28:35","30422184"
"24522382","30613574","True","2","2016-04-26 13:23:07","30613574"
"18226763","31031865","True","2","2015-06-24 17:49:15","31031865"
"33456028","31031865","True","2","2017-06-01 02:35:55","31031865"
"20231131","31786040","True","2","2015-10-07 17:52:47","31786040"
"52001561","31842622","True","2","2019-08-11 08:01:55","31842622"
"38148824","31842622","True","2","2018-01-01 13:23:50","31842622"
"29178718","31842622","True","2","2016-11-28 12:25:14","31842622"
"23192642","33041733","True","2","2016-02-26 09:00:45","33041733"
"42738110","33041733","True","2","2018-07-07 00:50:39","33041733"
"42909152","33041733","True","3","2018-07-14 07:49:44","33041733"
"38624879","33125508","True","2","2018-01-23 08:46:18","33125508"
"20433560","33165216","True","3","2015-10-16 18:02:23","33165216"
"61789427","33291874","True","3","2020-10-07 10:36:44","33291874"
"41788963","34344850","True","2","2018-05-28 06:37:10","34344850"
"35565669","34344850","True","2","2017-09-05 15:27:24","34344850"
"37892632","34442192","True","2","2017-12-15 21:01:39","34442192"
"27702054","34442192","True","2","2016-09-26 02:40:35","34442192"
"35200291","34593341","True","2","2017-08-18 19:39:13","34593341"
"33458731","35264620","True","2","2017-06-01 05:48:33","35264620"
"23305817","35751630","True","2","2016-03-02 15:43:37","35751630"
"23313379","35756663","True","2","2016-03-02 22:12:02","35756663"
"32404064","35756663","True","2","2017-04-16 11:14:26","35756663"
"52989640","35756663","True","2","2019-09-25 07:00:59","35756663"
"32446406","36423188","True","3","2017-04-18 11:05:24","36423188"
"50874692","37148836","True","3","2019-06-20 19:09:50","37148836"
"59043636","37148836","True","3","2020-05-31 19:02:06","37148836"
"27920975","38023093","True","2","2016-10-05 09:20:35","38023093"
"25806333","38045423","True","2","2016-06-27 14:17:35","38045423"
"25806376","38045423","True","2","2016-06-27 14:19:06","38045423"
"25806393","38045423","True","2","2016-06-27 14:19:50","38045423"
"58860777","38633023","True","2","2020-05-24 06:20:17","38633023"
"34836104","38633023","True","2","2017-08-02 12:10:20","38633023"
"33454673","38922420","True","2","2017-06-01 00:19:47","38922420"
"53532617","39485459","True","3","2019-10-17 10:12:57","39485459"
"38113831","39913816","True","3","2017-12-29 07:27:18","39913816"
"28361701","40201069","True","2","2016-10-24 08:09:03","40201069"
"34539356","40205675","True","2","2017-07-20 09:18:42","40205675"
"34698752","40660163","True","2","2017-07-27 08:31:25","40660163"
"58245846","40660618","True","2","2020-04-30 06:35:27","40660618"
"46771928","40660618","True","2","2019-01-04 09:37:08","40660618"
"51991218","40972026","True","2","2019-08-10 09:39:40","40972026"
"45379207","40972026","True","2","2018-11-02 08:46:33","40972026"
"37095202","40972026","True","3","2017-11-12 18:12:22","40972026"
"48607641","41010290","True","2","2019-03-14 09:32:58","41010290"
"29466300","41039545","True","2","2016-12-09 15:55:06","41039545"
"59884910","41433856","True","2","2020-07-08 10:19:54","41433856"
"30113782","41548676","True","2","2017-01-11 05:06:03","41548676"
"30283449","41636566","True","3","2017-01-18 08:42:05","41636566"
"30414183","41640621","True","2","2017-01-23 22:26:29","41640621"
"51024653","41731704","True","2","2019-06-27 15:34:28","41731704"
"58249913","41837637","True","2","2020-04-30 09:43:49","41837637"
"34703696","41881610","True","2","2017-07-27 11:20:44","41881610"
"44017376","41946279","True","2","2018-09-03 09:46:32","41946279"
"38396239","42191831","True","3","2018-01-12 19:05:31","42191831"
"45214611","42191831","True","3","2018-10-26 05:41:30","42191831"
"48332118","42358521","True","3","2019-03-04 23:10:15","42358521"
"56363996","42382802","True","2","2020-02-11 11:14:33","42382802"
"33248065","42747278","True","2","2017-05-23 01:52:59","42747278"
"35207668","43032712","True","2","2017-08-19 09:18:44","43032712"
"46379897","43142821","True","2","2018-12-14 17:39:50","43142821"
"40461531","43538070","True","2","2018-04-04 18:40:42","43538070"
"48604447","43612866","True","2","2019-03-14 07:50:16","43612866"
"38146889","44085454","True","2","2018-01-01 09:32:18","44085454"
"60462660","44169046","True","3","2020-08-06 06:17:46","44169046"
"61789729","44274982","True","3","2020-10-07 10:49:44","44274982"
"41395775","44392569","True","2","2018-05-11 10:43:54","44392569"
"27700764","39668149","True","2","2016-09-26 00:32:57","39668149"
"35914900","39593580","True","3","2017-09-20 12:17:00","39593580"
"41179095","44392569","True","2","2018-05-02 21:46:17","44392569"
"47580634","44394119","True","2","2019-02-05 10:36:16","44394119"
"34346419","44416904","True","3","2017-07-12 09:37:55","44416904"
"51208978","44870461","True","2","2019-07-06 10:03:07","44870461"
"35197142","44870461","True","2","2017-08-18 16:24:59","44870461"
"40276104","44870461","True","2","2018-03-28 09:46:39","44870461"
"40642566","44886715","True","2","2018-04-11 14:12:52","44886715"
"50156939","45022849","True","3","2019-05-18 20:09:07","45022849"
"38747187","45241581","True","2","2018-01-28 13:46:58","45241581"
"46429220","45255164","True","2","2018-12-17 14:38:59","45255164"
"35893944","45300410","True","2","2017-09-19 16:24:07","45300410"
"38521173","45349101","True","2","2018-01-18 12:40:06","45349101"
"53525372","45363163","True","2","2019-10-17 06:22:06","45363163"
"45213080","45655728","True","3","2018-10-26 03:53:16","45655728"
"51578110","45661006","True","2","2019-07-23 07:42:00","45661006"
"56899252","45682321","True","2","2020-03-03 15:54:35","45682321"
"43607703","45688730","True","2","2018-08-13 17:25:34","45688730"
"46338455","45847796","True","2","2018-12-13 07:17:09","45847796"
"35570792","45869766","True","2","2017-09-05 20:35:41","45869766"
"54341397","46131443","True","2","2019-11-19 13:44:33","46131443"
"50892492","46151007","True","2","2019-06-21 13:03:40","46151007"
"49967882","46154092","True","2","2019-05-10 09:48:01","46154092"
"48413432","46451544","True","2","2019-03-07 10:18:42","46451544"
"36507136","46615008","True","2","2017-10-17 16:06:26","46615008"
"58234859","46668418","True","2","2020-04-29 18:01:43","46668418"
"56330466","46813736","True","3","2020-02-10 08:45:41","46813736"
"48186347","47050105","True","3","2019-02-27 10:28:53","47050105"
"50369372","47050984","True","3","2019-05-28 15:11:52","47050984"
"44574713","47071729","True","2","2018-09-28 11:12:11","47071729"
"45948144","47071729","True","3","2018-11-27 11:45:59","47071729"
"57350076","47486390","True","2","2020-03-23 13:07:53","47486390"
"48884700","47680711","True","2","2019-03-25 15:07:05","47680711"
"37831329","47774541","True","2","2017-12-13 10:12:43","47774541"
"37882592","47793065","True","2","2017-12-15 11:11:39","47793065"
"37890138","47837207","True","2","2017-12-15 17:37:11","47837207"
"37890347","47837207","True","2","2017-12-15 17:50:30","47837207"
"38436142","47986998","True","2","2018-01-15 11:23:51","47986998"
"44370247","48457264","True","2","2018-09-19 13:12:58","48457264"
"59563833","48458627","True","2","2020-06-22 15:27:41","48458627"
"48289346","48525262","True","2","2019-03-03 06:42:02","48525262"
"52535083","48687955","True","2","2019-09-05 07:55:16","48687955"
"40824747","48873507","True","2","2018-04-18 13:32:28","48873507"
"41794812","48934158","True","2","2018-05-28 10:16:37","48934158"
"54007875","49218227","True","2","2019-11-06 09:05:04","49218227"
"40407571","49262896","True","2","2018-04-03 05:34:02","49262896"
"45732485","49646849","True","2","2018-11-18 00:21:31","49646849"
"58752735","50041559","True","2","2020-05-19 20:10:03","50041559"
"55690317","50051429","True","2","2020-01-15 00:06:49","50051429"
"52430224","50248129","True","2","2019-08-30 20:25:57","50248129"
"45601470","50248560","True","2","2018-11-12 23:02:29","50248560"
"49511273","50634072","True","3","2019-04-19 18:00:06","50634072"
"48008248","50842531","True","2","2019-02-20 23:51:43","50842531"
"48002210","51012725","True","2","2019-02-20 18:15:46","51012725"
"45161465","51099034","True","3","2018-10-24 09:07:21","51099034"
"45162165","51390284","True","2","2018-10-24 09:31:36","51390284"
"49668854","51390284","True","2","2019-04-26 16:11:12","51390284"
"46396164","51613104","True","2","2018-12-15 17:24:22","51613104"
"56622646","51679363","True","2","2020-02-20 22:20:38","51679363"
"55920099","51953129","True","2","2020-01-23 19:16:19","51953129"
"55561730","52257903","True","2","2020-01-09 14:05:36","52257903"
"46568483","52298830","True","2","2018-12-24 06:09:25","52298830"
"52767077","52715200","True","3","2019-09-16 05:49:46","52715200"
"59945880","52834628","True","2","2020-07-11 03:56:40","52834628"
"50481377","52834628","True","2","2019-06-03 07:07:51","52834628"
"48270058","52854446","True","2","2019-03-02 02:13:30","52854446"
"54496729","52875393","True","2","2019-11-25 19:55:51","52875393"
"45359495","53100208","True","2","2018-11-01 12:36:24","53100208"
"46115174","53562377","True","2","2018-12-04 08:42:47","53562377"
"57292297","53610908","True","3","2020-03-20 08:41:43","53610908"
"46918861","54092849","True","3","2019-01-10 08:58:59","54092849"
"48635046","54560829","True","2","2019-03-15 06:47:24","54560829"
"56048789","54803880","True","2","2020-01-29 12:36:26","54803880"
"55824986","54968693","True","3","2020-01-20 16:13:31","54968693"
"48772397","55265021","True","2","2019-03-20 16:11:26","55265021"
"55560000","55361427","True","2","2020-01-09 13:11:01","55361427"
"51256292","55394469","True","2","2019-07-09 05:05:22","55394469"
"49648742","55820218","True","2","2019-04-25 21:57:56","55820218"
"59735838","55927006","True","2","2020-06-30 21:16:51","55927006"
"54576279","56850977","True","2","2019-11-28 14:11:17","56850977"
"56231391","56850977","True","2","2020-02-05 19:11:21","56850977"
"58727565","56877149","True","3","2020-05-19 02:21:28","56877149"
"51452193","57073353","True","2","2019-07-17 11:02:59","57073353"
"56892089","57455531","True","2","2020-03-03 11:45:01","57455531"
"52218562","57578139","True","2","2019-08-21 15:41:03","57578139"
"52615913","57852689","True","3","2019-09-09 11:05:37","57852689"
"58719562","58517773","True","3","2020-05-18 17:41:43","58517773"
"57455135","59516801","True","2","2020-03-27 15:47:38","59516801"
"55564859","59655838","True","2","2020-01-09 15:42:50","59655838"
"57292678","60316468","True","2","2020-03-20 09:01:05","60316468"
"56741229","60381734","True","2","2020-02-26 06:56:53","60381734"
"57606725","61005090","True","2","2020-04-03 07:24:30","61005090"
"58558271","61750658","True","2","2020-05-12 15:28:18","61750658"
"58559082","61750658","True","2","2020-05-12 15:57:01","61750658"
"58911417","61750658","True","2","2020-05-26 11:11:34","61750658"
"58913753","61750658","True","2","2020-05-26 12:42:35","61750658"
"58914605","61750658","True","3","2020-05-26 13:16:42","61750658"
"60161411","62472522","True","2","2020-07-22 03:05:46","62472522"
"60799379","63543276","True","2","2020-08-23 15:13:07","63543276"
"34290963","26331854","True","3","2017-07-10 09:46:46","26331854"
"29856559","26331854","True","3","2016-12-29 07:09:31","26331854"
"15958905","27007353","True","2","2015-02-28 09:24:12","27007353"
"46792899","27054162","True","2","2019-01-05 07:44:33","27054162"
"40955120","28767707","True","3","2018-04-23 20:20:59","28767707"
"57964371","29117570","True","2","2020-04-18 17:40:31","29117570"
"35235747","29117570","True","3","2017-08-21 08:51:10","29117570"
"29774971","29117570","True","2","2016-12-24 01:45:28","29117570"
"37437251","29644916","True","2","2017-11-27 09:22:00","29644916"
"33720918","29644916","True","2","2017-06-13 12:30:24","29644916"
"25717304","29669180","True","2","2016-06-22 16:16:03","29669180"
"49346223","29761872","True","3","2019-04-12 10:32:37","29761872"
"50846905","29761872","True","2","2019-06-19 18:03:32","29761872"
"51438239","29775643","True","2","2019-07-16 22:44:53","29775643"
"55495912","29960156","True","2","2020-01-07 13:46:56","29960156"
"56066597","30213456","True","2","2020-01-30 04:34:38","30213456"
"53981941","30213456","True","2","2019-11-05 11:34:16","30213456"
"61566467","30213456","True","2","2020-09-28 05:50:46","30213456"
"41722162","30286443","True","2","2018-05-24 15:47:28","30286443"
"48303076","30800908","True","2","2019-03-04 00:19:29","30800908"
"26822945","31031865","True","2","2016-08-16 09:08:49","31031865"
"19393738","31044380","True","2","2015-08-26 13:32:54","31044380"
"24079646","31097306","True","2","2016-04-06 10:55:00","31097306"
"45526231","31842622","True","3","2018-11-09 03:44:41","31842622"
"30850586","31973473","True","2","2017-02-10 14:36:52","31973473"
"38648590","33041733","True","3","2018-01-24 03:57:51","33041733"
"58897311","33041733","True","3","2020-05-25 21:23:01","33041733"
"49350141","33041733","True","2","2019-04-12 13:12:37","33041733"
"50839416","33125508","True","2","2019-06-19 12:40:44","33125508"
"41333444","33125508","True","2","2018-05-09 08:20:14","33125508"
"28331846","33125508","True","2","2016-10-22 09:42:10","33125508"
"61559252","33165216","True","3","2020-09-27 18:25:42","33165216"
"32581965","33202053","True","3","2017-04-24 05:59:32","33202053"
"22318823","34841789","True","2","2016-01-18 07:55:00","34841789"
"54246392","34903605","True","3","2019-11-15 09:27:11","34903605"
"22457206","34973135","True","3","2016-01-24 07:26:02","34973135"
"27206915","35065875","True","2","2016-09-02 15:43:33","35065875"
"57141436","35251874","True","2","2020-03-13 08:35:27","35251874"
"57487627","35264620","True","3","2020-03-29 12:34:26","35264620"
"34859449","35379246","True","3","2017-08-03 09:04:45","35379246"
"56343330","35409492","True","2","2020-02-10 16:35:46","35409492"
"23937802","35756663","True","2","2016-03-30 20:01:06","35756663"
"57144559","35756663","True","2","2020-03-13 10:37:41","35756663"
"42288886","35756663","True","3","2018-06-18 10:01:04","35756663"
"27014234","35831108","True","2","2016-08-25 02:11:57","35831108"
"24161740","36083504","True","2","2016-04-10 07:01:57","36083504"
"26617266","36423188","True","3","2016-08-05 11:17:15","36423188"
"29878535","36423188","True","2","2016-12-30 08:33:20","36423188"
"27201134","36573857","True","2","2016-09-02 11:09:55","36573857"
"44421032","36701111","True","2","2018-09-21 11:40:15","36701111"
"40632686","36701111","True","3","2018-04-11 09:07:08","36701111"
"39213684","36760694","True","3","2018-02-15 20:28:06","36760694"
"49163103","37148836","True","2","2019-04-05 04:09:15","37148836"
"53743550","37148836","True","3","2019-10-25 14:10:46","37148836"
"56846546","37159662","True","3","2020-03-01 17:27:18","37159662"
"26824227","37697171","True","2","2016-08-16 09:56:41","37697171"
"25896979","38125926","True","2","2016-07-01 07:34:11","38125926"
"32885213","38230495","True","2","2017-05-07 04:45:20","38230495"
"48023148","38328727","True","2","2019-02-21 10:40:34","38328727"
"32479985","38633023","True","2","2017-04-19 13:32:05","38633023"
"34869468","38633023","True","2","2017-08-03 15:02:12","38633023"
"60129867","38633023","True","2","2020-07-20 17:24:54","38633023"
"27020052","39134238","True","2","2016-08-25 07:54:22","39134238"
"35237115","39259293","True","3","2017-08-21 09:42:18","39259293"
"41328055","39405067","True","2","2018-05-09 04:34:00","39405067"
"52237100","39485766","True","2","2019-08-22 09:52:57","39485766"
"34476929","39998701","True","2","2017-07-18 06:59:43","39998701"
"51061927","40458770","True","2","2019-06-29 11:27:55","40458770"
"44255513","40900818","True","2","2018-09-14 00:10:05","40900818"
"60131789","41188108","True","2","2020-07-20 19:25:58","41188108"
"51646588","41262716","True","2","2019-07-25 14:35:00","41262716"
"29840897","41358754","True","2","2016-12-28 11:54:58","41358754"
"31437162","41548676","True","2","2017-03-07 13:28:13","41548676"
"48341359","41640621","True","2","2019-03-05 07:55:32","41640621"
"51646440","41685136","True","2","2019-07-25 14:29:03","41685136"
"50658514","41720763","True","2","2019-06-11 12:52:09","41720763"
"55031143","41837637","True","3","2019-12-16 13:13:21","41837637"
"31842531","41903352","True","2","2017-03-23 13:28:33","41903352"
"33200035","42358521","True","2","2017-05-20 08:58:35","42358521"
"41140481","42562820","True","2","2018-05-01 12:45:45","42562820"
"53302896","42562820","True","2","2019-10-08 14:42:34","42562820"
"32624456","42747278","True","2","2017-04-25 14:45:39","42747278"
"31847376","42951764","True","2","2017-03-23 16:01:01","42951764"
"50479743","43426699","True","2","2019-06-03 05:43:57","43426699"
"33396652","43489589","True","2","2017-05-29 18:11:33","43489589"
"40490351","43538070","True","2","2018-04-05 16:29:40","43538070"
"40491116","43538070","True","3","2018-04-05 16:59:55","43538070"
"48496056","44063886","True","3","2019-03-11 01:35:43","44063886"
"33201247","44084744","True","3","2017-05-20 10:40:33","44084744"
"37675577","44355294","True","2","2017-12-06 16:24:21","44355294"
"48297868","44430810","True","2","2019-03-03 16:55:40","44430810"
"60819439","44540545","True","2","2020-08-24 14:39:12","44540545"
"38370427","44704629","True","2","2018-01-11 19:26:51","44704629"
"40820269","44870461","True","2","2018-04-18 11:04:34","44870461"
"36495744","45099677","True","2","2017-10-17 08:33:52","45099677"
"45533517","45150009","True","2","2018-11-09 10:36:32","45150009"
"62048861","45363163","True","2","2020-10-18 00:56:55","45363163"
"45525761","45453061","True","3","2018-11-09 03:02:31","45453061"
"40868668","45467995","True","2","2018-04-19 22:54:34","45467995"
"53999758","45688730","True","2","2019-11-06 02:27:44","45688730"
"36344716","45848118","True","2","2017-10-10 13:35:08","45848118"
"42052342","45869766","True","2","2018-06-07 11:50:46","45869766"
"61126134","45869766","True","2","2020-09-08 08:19:37","45869766"
"48113686","46002727","True","2","2019-02-25 07:33:58","46002727"
"40004461","46006400","True","2","2018-03-18 18:17:36","46006400"
"60819490","46131196","True","2","2020-08-24 14:41:34","46131196"
"50649285","46311488","True","2","2019-06-11 07:10:08","46311488"
"45522179","46333040","True","2","2018-11-08 21:50:52","46333040"
"40730874","46404449","True","2","2018-04-15 03:08:45","46404449"
"56538311","46522304","True","3","2020-02-18 08:31:53","46522304"
"36659000","46909836","True","2","2017-10-24 16:51:24","46909836"
"48109939","47145930","True","2","2019-02-25 04:49:45","47145930"
"57128843","47456945","True","2","2020-03-12 17:54:36","47456945"
"59779222","47774291","True","2","2020-07-02 17:27:14","47774291"
"40912523","47793065","True","3","2018-04-22 00:24:15","47793065"
"60971816","47793065","True","2","2020-08-31 19:36:49","47793065"
"43672544","47938144","True","3","2018-08-16 13:46:18","47938144"
"38645777","47971020","True","2","2018-01-23 23:57:46","47971020"
"39621662","48295080","True","2","2018-03-04 18:18:19","48295080"
"48695747","48338676","True","2","2019-03-18 07:52:36","48338676"
"39591021","48493053","True","2","2018-03-02 21:01:08","48493053"
"39207157","48802787","True","2","2018-02-15 15:29:46","48802787"
"48695384","48900551","True","2","2019-03-18 07:35:27","48900551"
"47318086","48961000","True","2","2019-01-25 13:18:55","48961000"
"44260272","49318889","True","3","2018-09-14 06:47:32","49318889"
"44951305","49318889","True","2","2018-10-15 14:56:26","49318889"
"40007108","49352887","True","2","2018-03-18 21:56:24","49352887"
"42675445","49475984","True","3","2018-07-04 14:15:33","49475984"
"45760456","49475984","True","2","2018-11-19 12:23:41","49475984"
"46267164","49901574","True","2","2018-12-10 16:02:45","49901574"
"59619252","50265973","True","2","2020-06-24 23:20:55","50265973"
"53489143","50986816","True","2","2019-10-16 01:45:30","50986816"
"43448022","51000425","True","2","2018-08-06 15:55:55","51000425"
"49869215","51040814","True","2","2019-05-06 17:04:14","51040814"
"50833551","51227737","True","2","2019-06-19 09:13:43","51227737"
"42854395","51227737","True","2","2018-07-12 05:18:40","51227737"
"56442054","51390284","True","2","2020-02-13 20:09:18","51390284"
"60440998","51411250","True","2","2020-08-05 07:38:28","51411250"
"58520776","51416552","True","3","2020-05-11 11:07:46","51416552"
"44606945","51423358","True","2","2018-09-30 12:37:56","51423358"
"57662922","51697673","True","2","2020-04-06 05:45:18","51697673"
"49342588","51907715","True","2","2019-04-12 08:19:37","51907715"
"57131493","51921033","True","2","2020-03-12 20:29:45","51921033"
"48965561","52352815","True","2","2019-03-28 07:52:57","52352815"
"55861219","52736868","True","2","2020-01-21 21:41:36","52736868"
"43402349","22513893","True","3","2018-08-03 23:46:18","22513893"
"19887825","24787801","True","2","2015-09-21 11:23:10","24787801"
"26730293","26331854","True","3","2016-08-11 04:53:33","26331854"
"14699097","26529567","True","2","2014-12-17 17:39:29","26529567"
"48248088","26866479","True","2","2019-03-01 08:18:38","26866479"
"52365456","26866479","True","3","2019-08-28 10:22:20","26866479"
"16020297","27007353","True","2","2015-03-03 17:48:25","27007353"
"21782496","27054162","True","2","2015-12-18 15:00:01","27054162"
"60719570","27865238","True","3","2020-08-19 10:15:34","27865238"
"26581327","28500066","True","2","2016-08-04 02:29:57","28500066"
"48192989","28500066","True","2","2019-02-27 14:04:53","28500066"
"16115304","28930710","True","2","2015-03-08 19:25:24","28930710"
"47035069","29117570","True","2","2019-01-15 09:50:56","29117570"
"33904738","29117570","True","2","2017-06-21 15:45:47","29117570"
"25655128","29117570","True","2","2016-06-20 07:53:06","29117570"
"28775122","29117570","True","3","2016-11-10 18:18:46","29117570"
"21650908","29460485","True","3","2015-12-12 23:20:50","29460485"
"22918994","29761872","True","2","2016-02-14 21:20:36","29761872"
"25352747","29761872","True","2","2016-06-05 00:27:03","29761872"
"18470312","30027545","True","2","2015-07-08 06:53:25","30027545"
"34082081","30213456","True","2","2017-06-29 20:47:18","30213456"
"47909840","30213456","True","2","2019-02-17 20:26:55","30213456"
"58278058","30286443","True","2","2020-05-01 13:30:47","30286443"
"29399716","30286443","True","2","2016-12-07 08:46:43","30286443"
"25194819","30422184","True","2","2016-05-27 15:42:34","30422184"
"20579998","30648096","True","2","2015-10-23 16:45:18","30648096"
"30599824","30800908","True","2","2017-01-31 19:52:20","30800908"
"22836757","31097306","True","2","2016-02-10 16:06:43","31097306"
"18295793","31097306","True","2","2015-06-29 01:46:02","31097306"
"21939201","31104540","True","2","2015-12-29 03:32:34","31104540"
"56338890","31517036","True","2","2020-02-10 13:49:45","31517036"
"40189727","33041733","True","2","2018-03-25 09:27:40","33041733"
"31597173","33125508","True","2","2017-03-14 07:10:01","33125508"
"46479904","33202053","True","2","2018-12-19 12:46:56","33202053"
"20585624","33312427","True","2","2015-10-24 00:41:48","33312427"
"20586271","33312427","True","2","2015-10-24 02:33:49","33312427"
"21413214","34023438","True","2","2015-12-02 09:57:59","34023438"
"37793801","34344850","True","3","2017-12-12 00:54:35","34344850"
"24376721","34344850","True","2","2016-04-19 20:40:17","34344850"
"24377232","34344850","True","2","2016-04-19 21:18:47","34344850"
"21937762","34502682","True","2","2015-12-29 00:28:39","34502682"
"23833501","34586306","True","2","2016-03-25 13:08:41","34586306"
"40187720","35065875","True","2","2018-03-25 06:34:13","35065875"
"28380633","35065875","True","2","2016-10-24 22:41:41","35065875"
"30149053","35408768","True","2","2017-01-12 09:01:25","35408768"
"23323670","35756663","True","2","2016-03-03 09:12:29","35756663"
"57640480","35756663","True","2","2020-04-04 20:54:54","35756663"
"59696965","35756663","True","2","2020-06-29 07:33:31","35756663"
"46315148","36461493","True","3","2018-12-12 10:37:10","36461493"
"24394186","36744042","True","2","2016-04-20 12:50:05","36744042"
"27103894","36876367","True","2","2016-08-29 15:29:56","36876367"
"61410437","37148836","True","2","2020-09-21 09:34:21","37148836"
"38687999","37289634","True","3","2018-01-25 11:23:47","37289634"
"58144579","37404447","True","2","2020-04-26 08:31:15","37404447"
"55978386","37581538","True","2","2020-01-27 03:08:06","37581538"
"25543782","37662379","True","2","2016-06-14 13:23:17","37662379"
"37813768","37864255","True","2","2017-12-12 16:13:57","37864255"
"25841606","38070572","True","3","2016-06-29 02:32:27","38070572"
"35348808","38071714","True","2","2017-08-25 15:32:52","38071714"
"59687707","38071714","True","2","2020-06-28 16:31:52","38071714"
"35549781","38125926","True","2","2017-09-05 03:49:04","38125926"
"37786666","38377156","True","3","2017-12-11 17:03:58","38377156"
"38810779","38633023","True","2","2018-01-30 22:15:25","38633023"
"35932953","38820356","True","2","2017-09-21 06:24:06","38820356"
"36790004","39015444","True","2","2017-10-30 14:29:02","39015444"
"30297498","39020065","True","2","2017-01-18 16:49:14","39020065"
"42792313","39126827","True","2","2018-07-10 03:18:14","39126827"
"41467071","39126827","True","2","2018-05-15 01:44:01","39126827"
"50401611","39215533","True","3","2019-05-29 19:36:26","39215533"
"48571805","39259293","True","3","2019-03-13 08:42:41","39259293"
"33534344","39285596","True","2","2017-06-05 07:33:19","39285596"
"41254260","39604499","True","2","2018-05-06 03:59:28","39604499"
"27853487","39721791","True","2","2016-10-02 11:03:12","39721791"
"33895552","40068318","True","3","2017-06-21 09:55:09","40068318"
"39231826","40132631","True","3","2018-02-16 14:21:55","40132631"
"37121488","40191917","True","2","2017-11-13 19:44:33","40191917"
"31733356","40222469","True","2","2017-03-19 18:47:29","40222469"
"40613622","40575493","True","2","2018-04-10 16:28:19","40575493"
"40430841","40972026","True","3","2018-04-03 19:36:00","40972026"
"44913067","41036545","True","2","2018-10-13 13:30:44","41036545"
"57416521","41161769","True","2","2020-03-26 06:42:31","41161769"
"34585600","41837637","True","2","2017-07-22 04:58:21","41837637"
"34953693","41881610","True","2","2017-08-08 06:11:50","41881610"
"61410540","42062199","True","2","2020-09-21 09:39:17","42062199"
"32742586","42140285","True","2","2017-04-30 21:44:10","42140285"
"55608924","42191831","True","2","2020-01-11 10:28:18","42191831"
"39906253","42435307","True","2","2018-03-14 18:54:57","42435307"
"41689536","42435307","True","2","2018-05-23 14:41:11","42435307"
"32657088","42528718","True","2","2017-04-26 16:28:32","42528718"
"59696332","42873668","True","3","2020-06-29 07:00:21","42873668"
"33304921","43032712","True","2","2017-05-25 01:12:53","43032712"
"55834723","43350853","True","2","2020-01-21 04:11:48","43350853"
"54080714","43612866","True","3","2019-11-08 16:44:48","43612866"
"43971311","43926591","True","3","2018-08-31 08:58:45","43926591"
"45224724","43950808","True","2","2018-10-26 12:45:23","43950808"
"35720106","44430810","True","3","2017-09-12 11:04:49","44430810"
"50399346","44870461","True","2","2019-05-29 17:22:46","44870461"
"34218192","44886715","True","2","2017-07-06 11:20:11","44886715"
"40715646","44983214","True","2","2018-04-14 02:35:43","44983214"
"37118700","44983214","True","2","2017-11-13 17:15:55","44983214"
"36455175","45167593","True","2","2017-10-15 11:01:53","45167593"
"40565928","45420766","True","2","2018-04-09 07:28:49","45420766"
"61714237","45453061","True","2","2020-10-04 12:56:55","45453061"
"35918924","45629284","True","2","2017-09-20 14:42:25","45629284"
"40759573","45655728","True","3","2018-04-16 12:07:09","45655728"
"52164529","46236744","True","2","2019-08-19 15:37:55","46236744"
"39526735","46404449","True","3","2018-02-28 14:52:40","46404449"
"41060892","46453981","True","2","2018-04-27 09:16:59","46453981"
"36150191","46514002","True","2","2017-10-01 16:54:35","46514002"
"44730719","46600610","True","2","2018-10-05 12:50:19","46600610"
"53028765","46668418","True","2","2019-09-26 11:18:28","46668418"
"55660181","46682651","True","2","2020-01-14 00:09:19","46682651"
"49076109","46934916","True","2","2019-04-02 06:59:28","46934916"
"37810403","47774541","True","2","2017-12-12 14:05:18","47774541"
"55790687","47782247","True","3","2020-01-18 22:47:33","47782247"
"37972238","47837207","True","2","2017-12-20 09:22:12","47837207"
"38266254","47938835","True","2","2018-01-07 22:25:02","47938835"
"59700992","47973414","True","2","2020-06-29 10:47:02","47973414"
"38490916","47986998","True","2","2018-01-17 11:51:00","47986998"
"38320369","48180454","True","2","2018-01-10 05:05:58","48180454"
"54907562","48190148","True","2","2019-12-11 13:47:05","48190148"
"45623011","48370641","True","2","2018-11-13 16:09:31","48370641"
"38813781","48487098","True","2","2018-01-31 02:31:27","48487098"
"51546695","48525262","True","3","2019-07-22 04:04:38","48525262"
"45067097","48540069","True","3","2018-10-19 23:46:13","48540069"
"43971873","48699765","True","3","2018-08-31 09:21:02","48699765"
"46482264","48803038","True","3","2018-12-19 14:14:48","48803038"
"53834912","49004413","True","2","2019-10-30 05:09:56","49004413"
"39580763","49069281","True","2","2018-03-02 12:55:32","49069281"
"56246163","49242181","True","2","2020-02-06 09:14:23","49242181"
"40613252","49279230","True","2","2018-04-10 16:13:51","49279230"
"40470066","49541648","True","2","2018-04-05 04:39:08","49541648"
"43966371","49854378","True","3","2018-08-31 04:52:14","49854378"
"41448400","50326457","True","2","2018-05-14 10:07:07","50326457"
"41454866","50326457","True","2","2018-05-14 13:52:16","50326457"
"41462232","50328886","True","2","2018-05-14 19:11:41","50328886"
"57218096","50506101","True","3","2020-03-17 09:35:32","50506101"
"54858691","50562495","True","2","2019-12-10 06:26:57","50562495"
"57029541","50841501","True","2","2020-03-09 07:12:18","50841501"
"53832087","51000425","True","3","2019-10-30 01:28:04","51000425"
"55740136","51026313","True","2","2020-01-16 15:17:13","51026313"
"48192294","51259956","True","2","2019-02-27 13:42:18","51259956"
"52683022","51390284","True","2","2019-09-11 19:42:50","51390284"
"43166296","51411250","True","2","2018-07-25 09:37:11","51411250"
"57027743","51524648","True","2","2020-03-09 05:29:40","51524648"
"54730016","51921033","True","3","2019-12-05 07:03:03","51921033"
"46094672","52472261","True","2","2018-12-03 13:38:30","52472261"
"51560237","52658319","True","2","2019-07-22 13:24:24","52658319"
"57226918","52705424","True","2","2020-03-17 15:29:21","52705424"
"52149670","52834628","True","2","2019-08-19 05:16:00","52834628"
"60706840","52834628","True","2","2020-08-18 19:15:46","52834628"
"60709107","52834628","True","2","2020-08-18 22:19:27","52834628"
"55790255","52849139","True","2","2020-01-18 21:53:12","52849139"
"50576513","52929613","True","2","2019-06-07 04:37:11","52929613"
"54167065","53286268","True","3","2019-11-12 17:06:30","53286268"
"55699323","53497953","True","3","2020-01-15 09:19:59","53497953"
"49084042","53541566","True","2","2019-04-02 11:48:14","53541566"
"46481468","53696147","True","2","2018-12-19 13:44:52","53696147"
"55188954","53845396","True","2","2019-12-22 18:19:56","53845396"
"49875790","53897911","True","3","2019-05-07 02:01:39","53897911"
"47398105","54093008","True","3","2019-01-29 08:57:04","54093008"
"59198769","54230137","True","3","2020-06-06 18:06:17","54230137"
"50249399","54285556","True","2","2019-05-22 19:31:24","54285556"
"56781234","54673313","True","3","2020-02-27 12:42:21","54673313"
"59354311","54869303","True","3","2020-06-12 17:51:45","54869303"
"55829295","55293128","True","2","2020-01-20 20:16:01","55293128"
"52686609","56165022","True","2","2019-09-12 01:09:03","56165022"
"51773235","56184799","True","2","2019-07-31 13:40:04","56184799"
"57990207","56622485","True","2","2020-04-20 04:45:26","56622485"
"61728593","56877149","True","3","2020-10-05 07:45:23","56877149"
"53817923","56936669","True","2","2019-10-29 13:16:46","56936669"
"56615529","57852689","True","2","2020-02-20 16:15:07","57852689"
"55653565","57911796","True","2","2020-01-13 17:26:09","57911796"
"53182471","58196528","True","2","2019-10-03 03:31:01","58196528"
"53185293","58206026","True","2","2019-10-03 06:20:35","58206026"
"60104355","58624341","True","2","2020-07-19 11:41:09","58624341"
"61427667","58624472","True","2","2020-09-22 02:39:39","58624472"
"61220649","59170080","True","3","2020-09-12 05:05:54","59170080"
"60552512","59186025","True","2","2020-08-11 04:03:11","59186025"
"55877903","59857364","True","2","2020-01-22 11:55:40","59857364"
"56020617","59907381","True","2","2020-01-28 13:35:22","59907381"
"56827479","60463242","True","2","2020-02-29 10:32:49","60463242"
"56830069","60464363","True","2","2020-02-29 14:06:50","60464363"
"60105452","61260192","True","2","2020-07-19 13:12:48","61260192"
"59351892","61368541","True","2","2020-06-12 15:46:33","61368541"
"60867207","61725667","True","2","2020-08-26 12:58:54","61725667"
"58640374","61757205","True","2","2020-05-15 08:47:56","61757205"
"59339340","62331134","True","3","2020-06-12 06:44:05","62331134"
"59352238","62348060","True","2","2020-06-12 16:03:34","62348060"
"60702833","62364877","True","2","2020-08-18 15:25:05","62364877"
"59694292","62572538","True","2","2020-06-29 04:46:34","62572538"
"59979227","52834628","True","2","2020-07-13 10:02:25","52834628"
"51242092","53265179","True","2","2019-07-08 13:08:10","53265179"
"51226347","54091672","True","2","2019-07-07 21:03:15","54091672"
"47006980","54160558","True","2","2019-01-14 09:31:19","54160558"
"47690733","54586641","True","2","2019-02-09 00:56:07","54586641"
"60966753","54598813","True","2","2020-08-31 14:39:17","54598813"
"61563610","54657466","True","2","2020-09-28 02:16:17","54657466"
"53490935","55336558","True","3","2019-10-16 03:59:06","55336558"
"56845739","55336558","True","2","2020-03-01 16:20:51","55336558"
"61575145","55583167","True","2","2020-09-28 12:17:06","55583167"
"55024786","56114871","True","3","2019-12-16 09:49:57","56114871"
"50832521","56647298","True","2","2019-06-19 08:40:09","56647298"
"61111747","56850977","True","2","2020-09-07 14:30:39","56850977"
"57133043","56984993","True","2","2020-03-12 22:33:18","56984993"
"57478844","57170349","True","2","2020-03-28 22:42:17","57170349"
"54787130","57268652","True","2","2019-12-06 22:39:58","57268652"
"54121211","57408444","True","2","2019-11-11 05:49:11","57408444"
"52589081","57835818","True","2","2019-09-07 17:54:32","57835818"
"61112952","57852689","True","2","2020-09-07 15:26:20","57852689"
"59057972","57909126","True","2","2020-06-01 11:35:07","57909126"
"52715317","57911729","True","2","2019-09-13 04:08:14","57911729"
"60449679","58298381","True","3","2020-08-05 14:17:54","58298381"
"54566153","58389130","True","2","2019-11-28 08:13:51","58389130"
"53745249","58471918","True","2","2019-10-25 15:27:32","58471918"
"61545783","58648098","True","3","2020-09-26 21:17:25","58648098"
"54659193","58706507","True","2","2019-12-02 19:58:40","58706507"
"60133273","58765489","True","3","2020-07-20 21:12:53","58765489"
"57130029","59109858","True","2","2020-03-12 18:59:24","59109858"
"59611435","59225205","True","2","2020-06-24 15:00:42","59225205"
"60130538","59246273","True","2","2020-07-20 18:05:59","59246273"
"60133245","60927035","True","3","2020-07-20 21:10:44","60927035"
"58526375","61725667","True","2","2020-05-11 14:40:53","61725667"
"58518573","61725667","True","2","2020-05-11 09:41:42","61725667"
"61568194","61725667","True","2","2020-09-28 07:19:40","61725667"
"59424352","62401692","True","2","2020-06-16 06:52:51","62401692"
"59424375","62401692","True","2","2020-06-16 06:53:41","62401692"
"61352377","62590568","True","2","2020-09-18 03:33:31","62590568"
"59777894","62700595","True","2","2020-07-02 16:11:26","62700595"
"60804491","63543276","True","2","2020-08-24 00:16:51","63543276"
"61354370","63937544","True","2","2020-09-18 05:51:23","63937544"
"61561841","64093623","True","2","2020-09-27 22:41:41","64093623"
"42508726","22513893","True","3","2018-06-27 09:36:18","22513893"
"15653696","25965275","True","2","2015-02-12 16:23:50","25965275"
"28241518","26247474","True","2","2016-10-19 02:20:35","26247474"
"22341907","26331854","True","2","2016-01-19 06:59:02","26331854"
"36415740","26866479","True","2","2017-10-13 05:31:52","26866479"
"19255776","27007353","True","2","2015-08-19 09:16:00","27007353"
"30974486","27007353","True","3","2017-02-16 02:56:37","27007353"
"22218532","28500066","True","2","2016-01-13 01:56:32","28500066"
"32589570","28767707","True","2","2017-04-24 11:04:36","28767707"
"39016776","29644916","True","2","2018-02-08 00:05:06","29644916"
"26689041","29644916","True","2","2016-08-09 12:38:06","29644916"
"44145839","29761872","True","2","2018-09-09 04:11:39","29761872"
"26298425","29761872","True","2","2016-07-21 12:03:18","29761872"
"23518761","29761872","True","3","2016-03-11 10:37:32","29761872"
"33273478","29830038","True","2","2017-05-23 20:50:08","29830038"
"28232828","30213456","True","2","2016-10-18 16:56:56","30213456"
"56158265","30237292","True","2","2020-02-03 11:03:13","30237292"
"48895997","30422184","True","2","2019-03-26 02:27:48","30422184"
"23428248","30732982","True","2","2016-03-08 10:12:37","30732982"
"57495762","30915043","True","2","2020-03-29 21:10:21","30915043"
"50522698","31404820","True","2","2019-06-04 20:02:35","31404820"
"20558645","31786040","True","2","2015-10-22 18:31:44","31786040"
"54744393","31786040","False","3","2019-12-05 14:14:05","31786040"
"55003170","32529742","True","3","2019-12-15 09:03:11","32529742"
"40156514","32529742","True","2","2018-03-23 13:31:21","32529742"
"35871328","32534401","True","2","2017-09-18 21:41:18","32534401"
"21390412","33651930","True","2","2015-12-01 12:55:41","33651930"
"21087972","33712470","True","2","2015-11-17 12:21:42","33712470"
"21776785","34301614","True","2","2015-12-18 10:19:32","34301614"
"21952697","34499843","True","2","2015-12-29 17:02:38","34499843"
"41730092","34499843","True","2","2018-05-24 23:15:23","34499843"
"24362333","34637868","True","2","2016-04-19 10:11:50","34637868"
"52478102","35065875","True","2","2019-09-03 05:38:11","35065875"
"50507108","35381163","True","2","2019-06-04 08:14:26","35381163"
"30707177","35408768","True","2","2017-02-05 12:52:08","35408768"
"26897293","35751630","True","2","2016-08-19 08:54:19","35751630"
"58936290","35756663","True","2","2020-05-27 08:38:40","35756663"
"27256579","36423188","True","2","2016-09-06 02:00:16","36423188"
"24093090","36423188","True","2","2016-04-06 20:31:32","36423188"
"24274639","36627628","True","2","2016-04-14 19:15:38","36627628"
"51516025","36642718","True","2","2019-07-19 16:51:31","36642718"
"43737488","36701111","True","2","2018-08-20 11:55:25","36701111"
"45643023","36701111","True","2","2018-11-14 10:17:31","36701111"
"37898425","36832219","True","2","2017-12-16 09:47:53","36832219"
"38460444","36948775","True","2","2018-01-16 10:54:08","36948775"
"36423558","36957369","True","2","2017-10-13 11:12:28","36957369"
"40928951","37148836","True","2","2018-04-23 01:30:42","37148836"
"24864928","37180375","True","2","2016-05-12 11:29:28","37180375"
"25428437","37697171","True","2","2016-06-08 14:04:47","37697171"
"57022599","37749087","True","2","2020-03-08 20:16:44","37749087"
"60374452","37864255","True","2","2020-08-01 10:33:55","37864255"
"48706244","38071714","True","2","2019-03-18 14:05:50","38071714"
"25931813","38172510","True","2","2016-07-03 20:52:55","38172510"
"39287064","38328727","False","2","2018-02-19 14:25:34","38328727"
"33268044","38506793","True","2","2017-05-23 15:58:46","38506793"
"37927278","38629237","True","2","2017-12-18 10:43:06","38629237"
"34729522","38633023","True","2","2017-07-28 10:40:08","38633023"
"46032444","38786207","True","2","2018-11-30 09:17:06","38786207"
"54390021","38989659","True","2","2019-11-21 05:36:02","38989659"
"33407244","38989659","True","3","2017-05-30 08:24:13","38989659"
"38225137","39088230","True","2","2018-01-05 07:17:26","39088230"
"57886166","39215533","True","2","2020-04-15 13:54:15","39215533"
"27438478","39435028","True","3","2016-09-14 06:43:07","39435028"
"40025957","40525468","True","3","2018-03-19 13:55:23","40525468"
"36959081","41010290","True","2","2017-11-07 01:32:59","41010290"
"29548131","41127782","True","2","2016-12-13 18:51:27","41127782"
"30186572","41636566","True","2","2017-01-13 15:39:42","41636566"
"34721704","41640621","True","2","2017-07-28 05:19:43","41640621"
"44508736","42062199","True","3","2018-09-26 01:09:20","42062199"
"43534001","42404800","True","2","2018-08-09 17:04:56","42404800"
"50911298","42648060","True","3","2019-06-22 17:05:36","42648060"
"60035592","42928059","True","3","2020-07-15 18:03:34","42928059"
"32729423","43184273","True","2","2017-04-29 20:10:55","43184273"
"48407808","43426699","True","3","2019-03-07 07:15:02","43426699"
"35687376","43983286","True","2","2017-09-11 07:36:04","43983286"
"49934955","44597832","True","2","2019-05-09 06:00:16","44597832"
"58936411","44619634","True","2","2020-05-27 08:43:35","44619634"
"38414649","45022849","True","2","2018-01-14 04:21:34","45022849"
"34517136","45174891","True","2","2017-07-19 13:29:16","45174891"
"34516379","45174891","True","2","2017-07-19 13:02:35","45174891"
"57501715","45208766","True","3","2020-03-30 06:19:48","45208766"
"37912165","45208766","True","2","2017-12-17 13:17:25","45208766"
"51501448","45239377","True","2","2019-07-19 06:49:35","45239377"
"44889714","45453061","True","2","2018-10-12 09:25:52","45453061"
"47299442","45453061","True","3","2019-01-24 21:36:04","45453061"
"53066095","45453061","True","3","2019-09-27 18:09:31","45453061"
"49556730","45567201","True","3","2019-04-22 15:01:02","45567201"
"54700866","45688730","True","2","2019-12-04 08:47:54","45688730"
"60034526","46031939","True","2","2020-07-15 16:59:28","46031939"
"58572751","46131196","True","2","2020-05-13 05:13:43","46131196"
"54448557","46131196","True","2","2019-11-23 10:28:18","46131196"
"49406321","46283367","True","2","2019-04-15 15:20:38","46283367"
"56315389","46296177","True","2","2020-02-09 12:58:55","46296177"
"58765975","46575898","True","2","2020-05-20 09:10:09","46575898"
"48902989","47228231","True","2","2019-03-26 08:18:36","47228231"
"59501200","39683166","True","2","2020-06-19 03:30:57","39683166"
"48703784","47335488","True","3","2019-03-18 12:39:30","47335488"
"56037279","47566892","True","3","2020-01-29 05:18:02","47566892"
"52651039","47630891","True","2","2019-09-10 16:48:21","47630891"
"37915535","47837207","True","2","2017-12-17 18:08:39","47837207"
"37911942","47837207","True","2","2017-12-17 12:59:29","47837207"
"50523140","48279479","True","2","2019-06-04 20:32:32","48279479"
"38738390","48458627","True","2","2018-01-27 20:55:20","48458627"
"42515011","48515460","True","3","2018-06-27 13:04:11","48515460"
"50504503","48525262","True","3","2019-06-04 06:21:34","48525262"
"42132598","48882829","True","3","2018-06-11 11:26:54","48882829"
"43321004","48882829","True","2","2018-08-01 02:21:10","48882829"
"55817526","48961000","True","2","2020-01-20 11:33:25","48961000"
"47294978","49030929","True","2","2019-01-24 17:38:03","49030929"
"56956326","49606124","True","2","2020-03-05 13:10:44","49606124"
"40558770","49709956","True","2","2018-04-08 23:27:36","49709956"
"48406073","49777963","True","3","2019-03-07 06:10:50","49777963"
"61828880","49777963","True","2","2020-10-08 17:46:27","49777963"
"43523567","49817769","True","2","2018-08-09 10:30:35","49817769"
"57203420","49985156","True","2","2020-03-16 16:24:57","49985156"
"54506404","50562495","True","2","2019-11-26 07:11:43","50562495"
"44135456","50785058","True","2","2018-09-08 07:44:29","50785058"
"42137601","50800231","True","2","2018-06-11 14:35:29","50800231"
"42929885","51143213","True","2","2018-07-15 20:37:03","51143213"
"45095591","51285225","True","2","2018-10-22 00:36:36","51285225"
"49927967","51390284","True","2","2019-05-08 20:20:50","51390284"
"54444072","52146306","True","2","2019-11-23 02:34:29","52146306"
"47302604","52146306","True","2","2019-01-25 01:59:54","52146306"
"44325082","52222992","True","2","2018-09-17 21:01:23","52222992"
"56313773","52266348","True","2","2020-02-09 10:41:04","52266348"
"55907476","52617902","True","2","2020-01-23 11:15:21","52617902"
"46801667","52779431","True","2","2019-01-05 18:57:38","52779431"
"56866216","52834628","True","2","2020-03-02 13:56:27","52834628"
"59684081","52834628","True","2","2020-06-28 11:58:43","52834628"
"49033066","53195626","True","2","2019-03-31 04:33:08","53195626"
"57374148","53240514","True","2","2020-03-24 12:47:55","53240514"
"57370045","53300341","True","2","2020-03-24 09:42:27","53300341"
"47941425","53300341","True","3","2019-02-19 00:05:45","53300341"
"57011371","53590144","True","3","2020-03-08 02:30:58","53590144"
"51735192","53829046","True","2","2019-07-30 07:28:03","53829046"
"60040986","53829046","True","2","2020-07-16 01:57:19","53829046"
"47419202","54379623","True","2","2019-01-29 22:22:10","54379623"
"49392504","54560829","True","2","2019-04-15 05:58:10","54560829"
"59298104","54982087","True","2","2020-06-10 16:24:36","54982087"
"56557813","55309629","True","2","2020-02-18 20:33:20","55309629"
"49560265","55766545","True","2","2019-04-22 18:11:10","55766545"
"55251578","55779666","True","3","2019-12-26 04:50:39","55779666"
"54934618","56147281","True","2","2019-12-12 10:24:05","56147281"
"61440815","56199752","True","2","2020-09-22 13:13:05","56199752"
"60724743","57112530","True","2","2020-08-19 14:05:37","57112530"
"41600258","50312750","True","2","2018-05-20 01:47:52","50312750"
"49024597","50454109","True","3","2019-03-30 13:44:21","50454109"
"45012502","50498328","True","2","2018-10-17 18:14:30","50498328"
"58413946","50506101","True","3","2020-05-07 03:39:36","50506101"
"42189602","50835738","True","2","2018-06-13 11:11:15","50835738"
"42189922","50835951","True","2","2018-06-13 11:22:58","50835951"
"61503339","51433860","True","2","2020-09-24 18:56:00","51433860"
"51217591","51473064","True","2","2019-07-07 05:33:00","51473064"
"49181316","51515839","True","2","2019-04-05 17:11:33","51515839"
"43611217","51612524","True","2","2018-08-13 21:34:51","51612524"
"47051295","51734002","True","2","2019-01-15 20:53:50","51734002"
"45569396","51953129","True","2","2018-11-11 14:15:56","51953129"
"44162949","52219244","True","2","2018-09-10 08:02:05","52219244"
"45199659","52266348","True","2","2018-10-25 14:11:10","52266348"
"44580205","52558131","True","2","2018-09-28 15:19:57","52558131"
"48932424","52834628","True","2","2019-03-27 06:42:31","52834628"
"45377156","53113938","True","2","2018-11-02 07:00:07","53113938"
"48048049","53209975","True","2","2019-02-22 05:54:17","53209975"
"55688652","53266565","True","2","2020-01-14 21:47:36","53266565"
"60830209","53529166","True","3","2020-08-25 04:08:37","53529166"
"59201617","53594491","True","2","2020-06-06 21:55:20","53594491"
"61490079","53727397","True","2","2020-09-24 09:39:42","53727397"
"54011156","53777817","True","2","2019-11-06 10:42:34","53777817"
"47148065","54264506","True","3","2019-01-19 06:12:49","54264506"
"55773403","54332236","True","2","2020-01-17 19:02:23","54332236"
"53935687","54803880","True","2","2019-11-03 16:13:57","54803880"
"58878998","54817804","True","2","2020-05-25 06:20:29","54817804"
"48101068","54853521","True","2","2019-02-24 16:20:24","54853521"
"60272671","54869303","True","3","2020-07-27 15:47:49","54869303"
"48975806","54947191","True","2","2019-03-28 13:32:23","54947191"
"52546056","55262001","True","2","2019-09-05 14:41:29","55262001"
"51402707","55394469","True","3","2019-07-15 14:41:15","55394469"
"55691728","55430303","True","2","2020-01-15 02:25:53","55430303"
"51018030","56788855","True","2","2019-06-27 11:04:27","56788855"
"54670686","57074107","True","2","2019-12-03 08:25:13","57074107"
"51574087","57149221","True","2","2019-07-23 04:54:52","57149221"
"56413002","57370433","True","2","2020-02-12 23:16:45","57370433"
"52358862","57671502","True","2","2019-08-28 06:39:57","57671502"
"56502728","57911796","True","2","2020-02-17 03:03:57","57911796"
"60678613","58173143","True","3","2020-08-17 14:42:24","58173143"
"53341621","58313054","True","2","2019-10-09 22:31:54","58313054"
"54660534","58892667","True","2","2019-12-02 21:18:18","58892667"
"55314812","59514629","True","2","2019-12-29 19:38:43","59514629"
"59575535","59598487","True","3","2020-06-23 06:14:14","59598487"
"57918057","59871861","True","2","2020-04-16 16:51:53","59871861"
"58735821","60041088","True","2","2020-05-19 09:12:00","60041088"
"60272198","61178905","True","2","2020-07-27 15:23:23","61178905"
"58407682","61549965","True","2","2020-05-06 20:21:01","61549965"
"58402833","61634035","True","2","2020-05-06 16:44:14","61634035"
"61780839","61958407","True","2","2020-10-07 04:43:13","61958407"
"59881992","62697801","True","2","2020-07-08 08:12:36","62697801"
"60831869","62866262","True","2","2020-08-25 06:03:39","62866262"
"60075894","62954780","True","3","2020-07-17 13:16:20","62954780"
"60078411","62956789","True","2","2020-07-17 15:14:43","62956789"
"56817114","58146120","True","2","2020-02-28 18:09:16","58146120"
"53593813","58443765","True","2","2019-10-19 19:25:51","58443765"
"53869747","58563029","True","2","2019-10-31 09:19:46","58563029"
"61811647","58624341","True","2","2020-10-08 06:42:33","58624341"
"57377799","58763972","True","2","2020-03-24 15:15:17","58763972"
"55163779","59428070","True","2","2019-12-20 20:17:31","59428070"
"60203955","59675894","True","3","2020-07-23 17:54:06","59675894"
"55907035","59857364","True","2","2020-01-23 11:00:40","59857364"
"57202978","59947098","True","2","2020-03-16 16:00:07","59947098"
"56163120","60035294","True","2","2020-02-03 14:10:26","60035294"
"56314074","60135948","True","2","2020-02-09 11:09:16","60135948"
"60026087","60336695","True","2","2020-07-15 10:24:24","60336695"
"57015409","60543471","True","2","2020-03-08 10:17:06","60543471"
"57013649","60553913","True","2","2020-03-08 07:29:51","60553913"
"59857245","61028545","True","2","2020-07-07 07:56:31","61028545"
"59303795","61368541","True","2","2020-06-10 21:14:00","61368541"
"60205293","62188374","True","2","2020-07-23 19:18:01","62188374"
"60733820","63490192","True","2","2020-08-20 00:06:54","63490192"
"60886497","63603525","True","3","2020-08-27 08:31:22","63603525"